tax	numbers	balanced accuracy	AUC	AP	round
Actinobacteria	1540	0.9178249473376626	0.974325202471968	0.9961846598903819	0
Firmicutes	1862	0.8898742060032383	0.9709968032548677	0.9748424026967396	0
Bacteroidetes	872	0.9756743042273313	0.989312619540185	0.9941974990606484	0
Proteobacteria	3205	0.8496723663701138	0.9190099949289232	0.9858105146435121	0
Alphaproteobacteria	994	0.6548392424576085	0.8327598546575644	0.9907199176356121	0
Betaproteobacteria	509	0.7149523987306328	0.7988613029680792	0.9831156872161451	0
Gammaproteobacteria	1393	0.7469947407963937	0.841230217396573	0.9857750522780105	0
Actinobacteria	1530	0.9436815693430657	0.9815191605839416	0.9968329243321583	1
Firmicutes	1864	0.9116243513987355	0.9687018529778102	0.9716426511133864	1
Bacteroidetes	872	0.9726469182990922	0.9880434782608696	0.9949833875218477	1
Proteobacteria	3198	0.8401465084049062	0.9107202622820993	0.9855682934334908	1
Alphaproteobacteria	983	0.6047913950456323	0.7777460886571057	0.9841013213820926	1
Betaproteobacteria	511	0.620182394924663	0.8239492466296591	0.9845162284479774	1
Gammaproteobacteria	1409	0.7666980539861896	0.8499560577526679	0.9895363375370971	1
Actinobacteria	1547	0.9008548121149006	0.9636466198038706	0.9940872033312244	2
Firmicutes	1869	0.9222942846992003	0.9620656350216579	0.9632927839497671	2
Bacteroidetes	863	0.9648812428827069	0.9889742964047502	0.9940389657436572	2
Proteobacteria	3194	0.8254573861196504	0.8944985429291771	0.9810569249852602	2
Alphaproteobacteria	986	0.5457716701902748	0.7389270613107822	0.9817126107854144	2
Betaproteobacteria	512	0.6830484330484331	0.7789252928141817	0.9776911360356961	2
Gammaproteobacteria	1391	0.7007622028808469	0.8055301063775641	0.9835063253831053	2
Actinobacteria	1545	0.8811364730975644	0.9701475849731663	0.9954243717925929	3
Firmicutes	1879	0.8988805133142039	0.9696855342972773	0.9712374440013218	3
Bacteroidetes	850	0.973482314661117	0.9912584958171262	0.9956651350794844	3
Proteobacteria	3209	0.834530204767074	0.9068069743275717	0.9827785813522111	3
Alphaproteobacteria	981	0.6159854649357103	0.7376855705323313	0.9828120256727555	3
Betaproteobacteria	518	0.6780568756128837	0.7798521535792411	0.9757205495890753	3
Gammaproteobacteria	1402	0.6827247888723299	0.8513164431197219	0.9892196305082783	3
Actinobacteria	1532	0.8766554802482946	0.9686560944045974	0.9952701982974967	4
Firmicutes	1870	0.904103697157166	0.9696025924289291	0.9728688516494088	4
Bacteroidetes	856	0.9599250217820516	0.9838612982902089	0.9930053173695191	4
Proteobacteria	3219	0.8167901602836329	0.9125117554234343	0.9844560247375259	4
Alphaproteobacteria	987	0.568936831013255	0.7479618434917642	0.9843410033585873	4
Betaproteobacteria	518	0.6800935354906841	0.8190012823414046	0.9798109659850054	4
Gammaproteobacteria	1408	0.6243818965008556	0.866542750929368	0.9889133986016898	4
Actinobacteria	1531	0.9232172653427948	0.9777192548178301	0.9969723714450184	5
Firmicutes	1864	0.9121842179960261	0.9685625413946447	0.9707314279226075	5
Bacteroidetes	871	0.9726447175206739	0.9913014916144989	0.9952508295998836	5
Proteobacteria	3205	0.8573000137877205	0.9125765043220998	0.9839340317790737	5
Alphaproteobacteria	984	0.7160689170182841	0.8081780356305672	0.9872342185726335	5
Betaproteobacteria	521	0.7004273504273504	0.7826728826728827	0.9790876823545138	5
Gammaproteobacteria	1399	0.7237964547096284	0.8288423153692615	0.9849647430228194	5
Actinobacteria	1535	0.9091339798286079	0.9816566980669853	0.9969764270134167	6
Firmicutes	1866	0.9058373796745889	0.9712490889816471	0.9721405590750609	6
Bacteroidetes	879	0.9639790695897945	0.9909097853487129	0.9958250337901086	6
Proteobacteria	3186	0.7827048480502494	0.9111910965196306	0.9837944516035915	6
Alphaproteobacteria	979	0.5425359360143185	0.8060154371049835	0.9854410605837904	6
Betaproteobacteria	512	0.5514318442153494	0.7793814432989691	0.969784882346596	6
Gammaproteobacteria	1395	0.5933612183612184	0.8481755565088899	0.9896276972824621	6
Actinobacteria	1530	0.8870393597851818	0.9790238667279088	0.997223159978654	7
Firmicutes	1879	0.903182561944834	0.9704330294530154	0.9728211312742209	7
Bacteroidetes	858	0.9686063843000869	0.9916237113402062	0.9971472342658166	7
Proteobacteria	3210	0.8401387462924936	0.9038127899460033	0.984989749040691	7
Alphaproteobacteria	999	0.6039262820512821	0.7770165598290599	0.9842288442630646	7
Betaproteobacteria	521	0.6487499999999999	0.7869354838709677	0.9838583603655928	7
Gammaproteobacteria	1392	0.7675931401537552	0.8196464945134372	0.9875444167094987	7
Actinobacteria	1532	0.937518355359765	0.977133540640926	0.9962628960266678	8
Firmicutes	1866	0.9157316900410823	0.9653934693299334	0.9651091740123912	8
Bacteroidetes	862	0.9631150211795374	0.9895975887911371	0.994574233867493	8
Proteobacteria	3203	0.8441937549886963	0.9067681373462764	0.9843604026017991	8
Alphaproteobacteria	980	0.5473404255319149	0.804933510638298	0.987683563826977	8
Betaproteobacteria	512	0.7087063655030801	0.7680903490759754	0.9780654475267533	8
Gammaproteobacteria	1411	0.7801692280245687	0.84140607080052	0.9882937405628642	8
Actinobacteria	1530	0.9263549800374519	0.9778755785605766	0.9963842148632722	9
Firmicutes	1857	0.8951655588086632	0.9695496008850147	0.9708692045356904	9
Bacteroidetes	861	0.9770767773424958	0.9930038212060883	0.9965304226161917	9
Proteobacteria	3220	0.8483040002027343	0.9161295933447833	0.985898253842133	9
Alphaproteobacteria	979	0.6115366959316004	0.8276668388133356	0.9898879787987853	9
Betaproteobacteria	517	0.6965608465608466	0.7698412698412698	0.9764118617629939	9
Gammaproteobacteria	1417	0.7613669859985261	0.8645725865880618	0.990508992121795	9
Actinobacteria	1534	0.9084396569755281	0.977545666875828	0.9962612182926609	10
Firmicutes	1858	0.9118964644208143	0.9693646680368153	0.9702179968056253	10
Bacteroidetes	866	0.9582776488241777	0.9899142653943245	0.9943673311796444	10
Proteobacteria	3221	0.8503761394089338	0.9146694369484185	0.9842532779258231	10
Alphaproteobacteria	976	0.6563048671674869	0.8127824309932936	0.9893444329199648	10
Betaproteobacteria	521	0.6387910798122066	0.7647551978537894	0.977869666588326	10
Gammaproteobacteria	1425	0.7430948884693378	0.8556394657716243	0.9867541465739293	10
Actinobacteria	1534	0.9267652020602042	0.9722494440044211	0.9959767070431389	11
Firmicutes	1877	0.9148505647506151	0.96654947625438	0.9658860474039592	11
Bacteroidetes	860	0.9651143790849673	0.9925081699346405	0.9960470097448533	11
Proteobacteria	3207	0.8532563385807465	0.9226421086800665	0.9868029742075143	11
Alphaproteobacteria	996	0.6423519009725907	0.8286713286713286	0.9903982581294888	11
Betaproteobacteria	510	0.7091777519864297	0.7822962235514686	0.9799853823290021	11
Gammaproteobacteria	1392	0.7378857426220962	0.8692067084567752	0.9907350339977398	11
Actinobacteria	1532	0.9143681020028376	0.9689878024063531	0.9947599884315987	12
Firmicutes	1879	0.8949231241169033	0.9688261089834165	0.9695717099710801	12
Bacteroidetes	877	0.9652124668020622	0.992391813779097	0.9968694047495112	12
Proteobacteria	3189	0.8320173359761003	0.9142447288291394	0.986481023742655	12
Alphaproteobacteria	970	0.5571236559139785	0.8051747311827957	0.9872136989098819	12
Betaproteobacteria	514	0.6688213937837598	0.8063844859647569	0.9822820666105896	12
Gammaproteobacteria	1409	0.7302865204066742	0.8551649073308363	0.9898205638048879	12
Actinobacteria	1518	0.8806349206349207	0.9682782186948853	0.9947639668355204	13
Firmicutes	1889	0.916688983285622	0.9668367346938775	0.9687176811394739	13
Bacteroidetes	852	0.9609408862067816	0.9900476777914847	0.9960147760556379	13
Proteobacteria	3207	0.8077492823101834	0.916955392454947	0.9849632148759326	13
Alphaproteobacteria	975	0.6004605965286749	0.8272341740156154	0.9890089930981903	13
Betaproteobacteria	518	0.5949290060851927	0.791156186612576	0.978990429846754	13
Gammaproteobacteria	1420	0.6528186274509804	0.8408884803921569	0.9875562232297959	13
Actinobacteria	1510	0.8607734509466438	0.980990927997705	0.9973896647775271	14
Firmicutes	1839	0.9102575189893153	0.9650476011829648	0.9624126334336349	14
Bacteroidetes	871	0.9730615868664527	0.9907596336562724	0.9958130371803006	14
Proteobacteria	3237	0.8185988693876343	0.8989546502865234	0.9816781277046804	14
Alphaproteobacteria	991	0.6279063345667422	0.7267631302811067	0.9818510084111436	14
Betaproteobacteria	520	0.6265182186234818	0.732014948614139	0.9727549417960879	14
Gammaproteobacteria	1422	0.6737150841353392	0.8373905397429566	0.9867851234133286	14
Actinobacteria	1531	0.940981508451388	0.97992850522971	0.9971394888770984	15
Firmicutes	1875	0.8584239559078699	0.9689103160234209	0.971960938416124	15
Bacteroidetes	873	0.9716074593511597	0.9924674423980889	0.9963692680714975	15
Proteobacteria	3187	0.8385722155800923	0.9188984222988021	0.9856086944755709	15
Alphaproteobacteria	1003	0.6882099490795143	0.8001231044709305	0.9867377644576908	15
Betaproteobacteria	510	0.5920216147488875	0.7917196439923714	0.9788149841287406	15
Gammaproteobacteria	1364	0.7394931475590276	0.8663606222902321	0.9897368099447497	15
Actinobacteria	1544	0.9156976744186047	0.9740859461517166	0.995728593411715	16
Firmicutes	1869	0.9074051367181973	0.9673690825402514	0.971644331741448	16
Bacteroidetes	855	0.9628588291227438	0.9882699149138482	0.9955636575094515	16
Proteobacteria	3200	0.8180282555282555	0.9242430059191423	0.9869849552088752	16
Alphaproteobacteria	981	0.5696865037194474	0.8408873538788522	0.9870918891557358	16
Betaproteobacteria	526	0.6536406145624583	0.8038669932457508	0.9834715472051636	16
Gammaproteobacteria	1394	0.6800736367675998	0.8656827270996001	0.9908875814556539	16
Actinobacteria	1540	0.9320330287613361	0.9790323751916925	0.9966765327540583	17
Firmicutes	1877	0.9079172225287709	0.9647164346597192	0.964911206076636	17
Bacteroidetes	867	0.9628642301435175	0.9909637098722679	0.9957942134235259	17
Proteobacteria	3201	0.8648783470648815	0.9168400989815768	0.985411737033594	17
Alphaproteobacteria	974	0.6945006747638327	0.8306764507422402	0.9890825349686205	17
Betaproteobacteria	520	0.7387878787878788	0.7867878787878788	0.9778652033169193	17
Gammaproteobacteria	1406	0.7873733629849271	0.8348159130219915	0.9872533604910138	17
Actinobacteria	1531	0.8958824308221899	0.9615693543404388	0.9934927112729666	18
Firmicutes	1852	0.9098326811820342	0.9684746861271815	0.9696837108630676	18
Bacteroidetes	866	0.9611835394619406	0.9897878681626929	0.995736034055902	18
Proteobacteria	3224	0.8265552847650394	0.9046581994728058	0.9837505895349857	18
Alphaproteobacteria	993	0.5863588667366212	0.7785545645330535	0.9868434422223487	18
Betaproteobacteria	517	0.641005291005291	0.7928193499622072	0.9787272419842961	18
Gammaproteobacteria	1402	0.6720092885899264	0.8223430972904071	0.9864094793576712	18
Actinobacteria	1542	0.9399020141535112	0.9776505171475232	0.9963354012167751	19
Firmicutes	1862	0.8990833952660857	0.9667216653213331	0.9673659465422177	19
Bacteroidetes	885	0.9663952745849298	0.996871769141884	0.9990697314498513	19
Proteobacteria	3181	0.8500811345393094	0.9172841773245766	0.9858597265031026	19
Alphaproteobacteria	958	0.6869989165763815	0.7965330444203684	0.9864789770947098	19
Betaproteobacteria	514	0.6909863945578232	0.7736819727891155	0.9805654608462785	19
Gammaproteobacteria	1402	0.7166974548440066	0.8508441091954023	0.9888020239122246	19
Actinobacteria	1527	0.8816679491079578	0.9737912245226634	0.9958793495248521	20
Firmicutes	1870	0.887252809788021	0.9700661603816069	0.9704358370010292	20
Bacteroidetes	881	0.978312762887231	0.9906204906204906	0.9953986797342176	20
Proteobacteria	3195	0.8416491627522975	0.9110381683339488	0.9855301813053652	20
Alphaproteobacteria	963	0.6303502460187291	0.7745225120364001	0.9832576056860639	20
Betaproteobacteria	515	0.6595383570943653	0.8527664630006789	0.9897619622982399	20
Gammaproteobacteria	1412	0.7472907360652554	0.8440927040849356	0.9891099028470058	20
Actinobacteria	1530	0.942140118508191	0.977068622008787	0.9960693912719306	21
Firmicutes	1878	0.8899980426697984	0.967124425616792	0.9695119233970027	21
Bacteroidetes	870	0.9644459407615036	0.9922917922659548	0.99650613098232	21
Proteobacteria	3205	0.8515262515262516	0.9198461538461539	0.9867498604613768	21
Alphaproteobacteria	989	0.6904949282966072	0.8119680540981695	0.9867519035656811	21
Betaproteobacteria	522	0.7181351582549187	0.7949814656401484	0.98398952381677	21
Gammaproteobacteria	1405	0.7609665427509293	0.8553035935563815	0.9893260300204334	21
Actinobacteria	1516	0.9023293172690763	0.9755198572066042	0.996418795215324	22
Firmicutes	1861	0.9078215009949328	0.9695744109950751	0.9722115355995455	22
Bacteroidetes	874	0.9576639166304819	0.9929478630357919	0.9974659746280403	22
Proteobacteria	3221	0.8128124088747655	0.9247991513729343	0.9872590009158108	22
Alphaproteobacteria	983	0.5468114731272626	0.8487468671679198	0.9885725921657272	22
Betaproteobacteria	524	0.6441240032789328	0.8335196363365377	0.9851757169536779	22
Gammaproteobacteria	1407	0.6377263460846624	0.862615421513371	0.9892307716805451	22
Actinobacteria	1524	0.8752826276005083	0.9756193279372086	0.9960189831160462	23
Firmicutes	1875	0.86777569033854	0.9698319481273953	0.9711773952942433	23
Bacteroidetes	862	0.9721396250808017	0.9914915966386555	0.9960730750092652	23
Proteobacteria	3215	0.7925500285877645	0.9132818753573472	0.985551560901544	23
Alphaproteobacteria	991	0.5605428839675264	0.7853316396973545	0.9864418326325142	23
Betaproteobacteria	518	0.5357142857142857	0.8265670553935861	0.9838575254133164	23
Gammaproteobacteria	1403	0.65424739195231	0.8363587500916175	0.9869681813626805	23
Actinobacteria	1520	0.8855773420479303	0.9711459694989106	0.995902377026995	24
Firmicutes	1862	0.9110686411253228	0.9700721132445024	0.9717369218614742	24
Bacteroidetes	889	0.9768576637972262	0.9944516678622668	0.9978759001935796	24
Proteobacteria	3206	0.8142850406417805	0.9069966343064962	0.9844081723098619	24
Alphaproteobacteria	985	0.6513888888888889	0.8262037037037038	0.9870831931652798	24
Betaproteobacteria	516	0.6446624803767661	0.8096153846153846	0.9831563107797014	24
Gammaproteobacteria	1411	0.6617607771706132	0.8312932604735883	0.9869038479182345	24
Actinobacteria	1532	0.9200799660973228	0.9718368249405782	0.995111266024213	25
Firmicutes	1868	0.8844486595376158	0.967518026583327	0.9707216211299663	25
Bacteroidetes	874	0.9598696179502729	0.9929389023650698	0.9966510725375635	25
Proteobacteria	3191	0.8497104967579929	0.9184114761565224	0.9858719165203724	25
Alphaproteobacteria	988	0.6101159114857745	0.786063602712707	0.9835430519637481	25
Betaproteobacteria	516	0.6703747072599532	0.821135831381733	0.9824793435032296	25
Gammaproteobacteria	1395	0.7960312075983718	0.8557937584803257	0.9901455427595124	25
Actinobacteria	1527	0.9017023273107123	0.9654776342696281	0.9931949737445269	26
Firmicutes	1869	0.9085186058854751	0.9555994574512	0.9582516383624526	26
Bacteroidetes	848	0.9762535636424619	0.9931955391581418	0.99682077371925	26
Proteobacteria	3223	0.8405856708541273	0.9146193999885276	0.9845618968557992	26
Alphaproteobacteria	969	0.6622636585082937	0.7685448323860341	0.9816289336072757	26
Betaproteobacteria	514	0.6133354350567466	0.7637531525851199	0.9766549169516439	26
Gammaproteobacteria	1434	0.7475433715807195	0.8664167253710314	0.9905976421858401	26
Actinobacteria	1554	0.9337957015381411	0.979158709767022	0.9971521108616094	27
Firmicutes	1869	0.9208819151284062	0.9669692707917561	0.9689684706911815	27
Bacteroidetes	864	0.9776376564231575	0.994066638085146	0.9977285157236461	27
Proteobacteria	3181	0.8422491310442832	0.9116383655951146	0.9851141253600065	27
Alphaproteobacteria	986	0.6171174830097744	0.8060000541521133	0.9861058836496948	27
Betaproteobacteria	495	0.6538054968287527	0.7456755717855084	0.9781746693151132	27
Gammaproteobacteria	1401	0.7687883534033431	0.8419647212879042	0.9890247300796616	27
Actinobacteria	1525	0.9265605434087367	0.972446690629983	0.9962983930074794	28
Firmicutes	1877	0.8873099171717219	0.9671996743943431	0.9687498098892626	28
Bacteroidetes	869	0.9655575497095358	0.9933051527889293	0.9972084282670348	28
Proteobacteria	3198	0.846771095195181	0.9220118104634066	0.9870832743563489	28
Alphaproteobacteria	975	0.6528221512247071	0.7972429298307893	0.9851887513800948	28
Betaproteobacteria	513	0.719450101832994	0.8655804480651732	0.9919758092135629	28
Gammaproteobacteria	1404	0.7024388994210176	0.8398127273658861	0.9884974059041852	28
Actinobacteria	1524	0.8759692673492201	0.9635604272761148	0.9944958450071821	29
Firmicutes	1868	0.915146708961142	0.9666045938597485	0.9651689382488092	29
Bacteroidetes	860	0.9479381068842774	0.9881024448910735	0.9933697336815144	29
Proteobacteria	3217	0.8349499414146335	0.9190356036612954	0.9868285699745329	29
Alphaproteobacteria	983	0.65666063893912	0.8123869801084991	0.9904580988006101	29
Betaproteobacteria	509	0.613801652892562	0.7742975206611571	0.9811276475445015	29
Gammaproteobacteria	1416	0.6747928135019056	0.8557195571955719	0.9890776796701513	29
Actinobacteria	1527	0.8672113543445634	0.9764184305404613	0.9966745118857643	30
Firmicutes	1878	0.8892106990482442	0.9681437245065404	0.9693571414200471	30
Bacteroidetes	864	0.9679824561403509	0.9850633528265107	0.9914801237895483	30
Proteobacteria	3191	0.8293923822455287	0.8962168742391609	0.9806694600094691	30
Alphaproteobacteria	975	0.6456215244621692	0.7424872212548448	0.9797596157619574	30
Betaproteobacteria	522	0.5683921341816078	0.7591816078658185	0.9747014259458449	30
Gammaproteobacteria	1391	0.6791590138914039	0.8348229298703985	0.9870893486597001	30
Actinobacteria	1520	0.9226102941176471	0.9669967830882352	0.9950252906681515	31
Firmicutes	1899	0.8875252730401129	0.9695086190765244	0.9728484669754002	31
Bacteroidetes	849	0.9651076705185566	0.9955620111372195	0.9986663809026322	31
Proteobacteria	3203	0.8580017555884227	0.9228202445799214	0.9872056870919097	31
Alphaproteobacteria	980	0.6531483763721304	0.8022699263420366	0.9859889491687046	31
Betaproteobacteria	514	0.756547619047619	0.8206632653061223	0.9828208954806623	31
Gammaproteobacteria	1411	0.777951933124347	0.881412952060555	0.9924658233945421	31
Actinobacteria	1527	0.9190161527165932	0.9732167489876741	0.9956857451424148	32
Firmicutes	1855	0.9161443447157733	0.9681210497537028	0.9711035012492102	32
Bacteroidetes	868	0.9750733137829912	0.9920497903068143	0.9963040720520059	32
Proteobacteria	3221	0.8416527563159115	0.9127734905069032	0.9855569561135504	32
Alphaproteobacteria	981	0.6133597883597883	0.8034979423868314	0.9898489229978789	32
Betaproteobacteria	512	0.700136612021858	0.8034494535519124	0.9792793097710011	32
Gammaproteobacteria	1415	0.7220453949407529	0.8199878406408697	0.9863198933395909	32
Actinobacteria	1525	0.8786520512263947	0.9789407423486	0.9970884524431448	33
Firmicutes	1885	0.9003213665315577	0.9609490445859873	0.9611078033063463	33
Bacteroidetes	846	0.9607027009135443	0.9890813253012047	0.9956269613151773	33
Proteobacteria	3211	0.8261221234905445	0.911825017088175	0.9861514316007199	33
Alphaproteobacteria	984	0.6272153885670253	0.8158908644653101	0.9880793806514494	33
Betaproteobacteria	517	0.6904040404040405	0.8629935720844811	0.9910438303678457	33
Gammaproteobacteria	1413	0.6364929785661493	0.7875030795762503	0.9839355768472432	33
Actinobacteria	1549	0.8476328096486985	0.9633314660623499	0.9937622148679549	34
Firmicutes	1867	0.8951409396606873	0.9668235285786115	0.967410040237586	34
Bacteroidetes	875	0.9671801114284377	0.9915960485041434	0.9962724194704579	34
Proteobacteria	3173	0.838781163434903	0.9172182533897069	0.9869965747538525	34
Alphaproteobacteria	953	0.6312553011026294	0.75895129043984	0.98327541919731	34
Betaproteobacteria	524	0.6902996601791782	0.8541087426629596	0.9890784231252342	34
Gammaproteobacteria	1397	0.7026904948939513	0.8621956009426551	0.990389084644311	34
Actinobacteria	1547	0.8804538312787044	0.9816054594426603	0.9975422146120319	35
Firmicutes	1863	0.9204126614465132	0.9662545597129313	0.9693090688376123	35
Bacteroidetes	870	0.9775428060311782	0.9940422949143879	0.997927056267502	35
Proteobacteria	3190	0.8377949558600153	0.9087573127998435	0.9838857320453758	35
Alphaproteobacteria	986	0.6331058944575312	0.7779357214415292	0.9836534442135927	35
Betaproteobacteria	525	0.641120035698349	0.760300461103674	0.9771878475310396	35
Gammaproteobacteria	1373	0.7071909113988322	0.860085046966235	0.9894104300956621	35
Actinobacteria	1545	0.9367116574274925	0.9766275675530918	0.9967143247764726	36
Firmicutes	1881	0.8993412124937659	0.9678661315951241	0.9701500737314183	36
Bacteroidetes	862	0.9842262407751676	0.9962376365114239	0.9984967110934047	36
Proteobacteria	3190	0.8497791274217015	0.9191529787885749	0.9855621404981306	36
Alphaproteobacteria	988	0.7504422125618349	0.7982461400089941	0.9821542731653894	36
Betaproteobacteria	514	0.6594798083504448	0.8050422085329683	0.9828483575763821	36
Gammaproteobacteria	1386	0.6950980392156862	0.8581385118149825	0.9905192527499679	36
Actinobacteria	1551	0.8485972801328893	0.9688352055840331	0.9950471533454777	37
Firmicutes	1851	0.9121435494872379	0.967901803343425	0.9696101314698428	37
Bacteroidetes	873	0.9710205845380264	0.9917583280955373	0.9961312807273921	37
Proteobacteria	3202	0.8331579814527139	0.9142117403379937	0.9858048019058087	37
Alphaproteobacteria	992	0.6663908198168377	0.810824230387289	0.9876322382627112	37
Betaproteobacteria	518	0.6417847503373819	0.7568319838056681	0.9782950715586978	37
Gammaproteobacteria	1390	0.7253292996358963	0.8500883486828015	0.9903531786635369	37
Actinobacteria	1553	0.9391275527226115	0.9771549983318407	0.9964426264732779	38
Firmicutes	1859	0.8922556847275693	0.9702203720912589	0.9719039887772822	38
Bacteroidetes	882	0.9728234728234728	0.9928460722111515	0.9965424175387456	38
Proteobacteria	3190	0.8795512878581997	0.9314883594528492	0.9887731415023278	38
Alphaproteobacteria	984	0.7667469516784585	0.8506698780671382	0.9914744337097587	38
Betaproteobacteria	505	0.7385654885654886	0.827009702009702	0.9833566498650135	38
Gammaproteobacteria	1397	0.771858153638814	0.8597119272237197	0.991545126439955	38
Actinobacteria	1535	0.8865076863816227	0.973077966873271	0.9954616487702231	39
Firmicutes	1876	0.8890391756633795	0.970376134616353	0.9743935822693393	39
Bacteroidetes	875	0.9766298682839003	0.9925653052844372	0.9968733733857139	39
Proteobacteria	3191	0.8367733896744136	0.910227013098359	0.9847739789830656	39
Alphaproteobacteria	973	0.6125386996904025	0.7795243456234168	0.9827603321406702	39
Betaproteobacteria	518	0.7084896810506567	0.7814649781113197	0.9800942235219502	39
Gammaproteobacteria	1397	0.6896835651490968	0.8326112842339946	0.9887791423964069	39
Actinobacteria	1509	0.890887792960738	0.9731264642339493	0.9959765292632448	40
Firmicutes	1890	0.918802365271565	0.961068404178969	0.9581043388481734	40
Bacteroidetes	861	0.9682989564049215	0.9915996330215109	0.9964050100096885	40
Proteobacteria	3200	0.8498933373720724	0.9090978466711517	0.9845417010722551	40
Alphaproteobacteria	975	0.5810828877005347	0.7614839572192513	0.9824792942758052	40
Betaproteobacteria	519	0.6862224996099235	0.8452956779528787	0.9872014488806591	40
Gammaproteobacteria	1403	0.7622892141266306	0.8469482447767526	0.9901484341599789	40
Actinobacteria	1528	0.8669589549776273	0.9752031572417252	0.9966494315786681	41
Firmicutes	1874	0.9012487892950171	0.9696747787818663	0.9719688484876245	41
Bacteroidetes	870	0.9720201238390093	0.9919040247678019	0.9957370324373125	41
Proteobacteria	3197	0.8421619232975113	0.9287019669233445	0.9892564226066372	41
Alphaproteobacteria	993	0.6910919540229885	0.8383548124927435	0.9902138099251184	41
Betaproteobacteria	525	0.6040829986613119	0.8199092666964153	0.9855643049667628	41
Gammaproteobacteria	1376	0.7098213691925036	0.8783900615830705	0.9920722048829752	41
Actinobacteria	1545	0.9268770152003685	0.9726106567706387	0.9963434686788608	42
Firmicutes	1886	0.9047653822970279	0.9674496916585524	0.9683540626016511	42
Bacteroidetes	846	0.9762505254308533	0.992367859291678	0.9964037377324341	42
Proteobacteria	3206	0.8345269882757778	0.9082517323078948	0.9844080732118078	42
Alphaproteobacteria	980	0.5876883239171375	0.8205037664783428	0.9898770056685959	42
Betaproteobacteria	519	0.6521464646464646	0.7521043771043772	0.9753758671214612	42
Gammaproteobacteria	1394	0.7157291133593144	0.8089726935138895	0.9859839644550874	42
Actinobacteria	1529	0.9118783066406777	0.9719277995850139	0.9959408806852268	43
Firmicutes	1876	0.8812313117610149	0.9658537611340716	0.966776749613701	43
Bacteroidetes	867	0.973528424887355	0.9927300035151632	0.996712477133018	43
Proteobacteria	3198	0.8511004629062214	0.903122024342645	0.9821596158959254	43
Alphaproteobacteria	974	0.6747815050910035	0.7783466497447287	0.9845980082242929	43
Betaproteobacteria	523	0.7197028323788888	0.7697724810400868	0.9766368477162013	43
Gammaproteobacteria	1393	0.7355493080633043	0.8412544533578924	0.986427448028191	43
Actinobacteria	1530	0.9087819343065693	0.9809899635036496	0.9976270465955155	44
Firmicutes	1885	0.8984192240880139	0.9687579617834394	0.9715259809959227	44
Bacteroidetes	843	0.9652899306724103	0.9929326243521573	0.9973533514200978	44
Proteobacteria	3215	0.8124381909821922	0.9094894319367622	0.9846322284507938	44
Alphaproteobacteria	1004	0.5717417297728178	0.758974358974359	0.9838528854836115	44
Betaproteobacteria	505	0.6325277019431508	0.8067689095872812	0.9810862652173318	44
Gammaproteobacteria	1398	0.6271610005794862	0.8440759609812634	0.9882912309879744	44
Actinobacteria	1541	0.9277951248123932	0.966155312505391	0.9920422626669614	45
Firmicutes	1875	0.9140298812214407	0.9697690847174404	0.9743642152365933	45
Bacteroidetes	878	0.9703239671688881	0.9935526646699742	0.9970660904009885	45
Proteobacteria	3173	0.8512384459849798	0.9200167292509147	0.9866412561684317	45
Alphaproteobacteria	958	0.5945828819068256	0.8113449930351339	0.9870231029637402	45
Betaproteobacteria	509	0.6844072164948454	0.8557130584192439	0.9907918326475168	45
Gammaproteobacteria	1406	0.7823798910351659	0.8329990094105993	0.9866908665711789	45
Actinobacteria	1529	0.9041374914950606	0.9393823906846154	0.9843010261331069	46
Firmicutes	1859	0.9245324889815423	0.9667173563316865	0.9692093370997846	46
Bacteroidetes	876	0.9684386973180077	0.9894995210727969	0.9950571562478454	46
Proteobacteria	3204	0.8328409604094535	0.9155543193963571	0.9862355716765885	46
Alphaproteobacteria	965	0.5982512916595697	0.8365411911656163	0.990671357343488	46
Betaproteobacteria	530	0.7223651487865534	0.7518223136952233	0.9798494826120026	46
Gammaproteobacteria	1408	0.6527822033398242	0.8458075175547294	0.9880018987230458	46
Actinobacteria	1532	0.8940406976744186	0.9720117989056088	0.9957572302278154	47
Firmicutes	1869	0.9191094204520027	0.9660350249084336	0.9689572191630622	47
Bacteroidetes	882	0.9781606387087114	0.9917442327850505	0.995680139505444	47
Proteobacteria	3179	0.8358279323474296	0.9122778434251202	0.9844599344899878	47
Alphaproteobacteria	975	0.6581196581196581	0.7913790269559501	0.9815598751882704	47
Betaproteobacteria	512	0.6159926292309185	0.7538066142954127	0.9821959490504646	47
Gammaproteobacteria	1396	0.6951347305389222	0.837811876247505	0.9882294589733402	47
Actinobacteria	1513	0.9328337850287565	0.975342349352868	0.9958252755397287	48
Firmicutes	1876	0.8772212623091296	0.9663357307748138	0.9702066042316537	48
Bacteroidetes	874	0.9599241840443998	0.9924106204609673	0.9965919494107834	48
Proteobacteria	3199	0.8224098978584763	0.92296162855682	0.9875115916308329	48
Alphaproteobacteria	994	0.5461939520333681	0.8181438998957248	0.9900449979305178	48
Betaproteobacteria	510	0.6418346479696173	0.7877592754893369	0.9811992266453259	48
Gammaproteobacteria	1390	0.6676301982122037	0.8704758550330355	0.990930665029189	48
Actinobacteria	1534	0.909159528078447	0.9801735396329991	0.9974152470657868	49
Firmicutes	1856	0.9026840251994155	0.9707452032481376	0.9726107549004457	49
Bacteroidetes	884	0.9640792423685729	0.9895135832277319	0.994097663645219	49
Proteobacteria	3199	0.8174795468478775	0.9049630163789641	0.9829752326770691	49
Alphaproteobacteria	996	0.593723849372385	0.7811846234309623	0.9817066322377634	49
Betaproteobacteria	509	0.6799984631934839	0.7386276317811588	0.9709603169366848	49
Gammaproteobacteria	1402	0.6400838620554761	0.8537487316780968	0.9913967776616779	49
Actinobacteria	1535	0.8944591904445919	0.9762353461623534	0.9959539088296868	50
Firmicutes	1874	0.9248571559011206	0.9664952888664131	0.9680560347855992	50
Bacteroidetes	861	0.9645655012331351	0.9900664119799475	0.9955546788634474	50
Proteobacteria	3204	0.8339343470017473	0.903841685564519	0.9838394304855689	50
Alphaproteobacteria	978	0.6089948390267879	0.7781873788263562	0.9846648423954316	50
Betaproteobacteria	515	0.6466886896334749	0.8247207802422527	0.9837277579492795	50
Gammaproteobacteria	1409	0.7194403261675315	0.8120830244625649	0.9853258558200104	50
Actinobacteria	1547	0.888083152042543	0.9690035912842294	0.9947518190281975	51
Firmicutes	1849	0.8978974308471286	0.9686055812300036	0.9702218374630701	51
Bacteroidetes	874	0.9746754010904954	0.9936649276271917	0.9969846110583335	51
Proteobacteria	3191	0.8295628521515439	0.9142322016490531	0.9853089568310907	51
Alphaproteobacteria	965	0.5984098322460392	0.8040249301025164	0.9864834386123056	51
Betaproteobacteria	527	0.5895925925925926	0.7791851851851852	0.9772989704155588	51
Gammaproteobacteria	1409	0.7190859561220022	0.8627049180327868	0.989903392255408	51
Actinobacteria	1500	0.903125	0.9682672574626866	0.994864371281548	52
Firmicutes	1898	0.863338592399506	0.9560765079800614	0.9589995237250816	52
Bacteroidetes	863	0.9712469106274416	0.9916287969385315	0.9962944130725679	52
Proteobacteria	3211	0.859083139083139	0.9161634092403323	0.9865353254920062	52
Alphaproteobacteria	988	0.682889822595705	0.8179563492063492	0.9887008688091531	52
Betaproteobacteria	514	0.6948875255623722	0.7918200408997955	0.9801480374072606	52
Gammaproteobacteria	1407	0.7776218323586745	0.8385575048732943	0.9889943457612582	52
Actinobacteria	1527	0.9152045344738113	0.9825327022529213	0.9976138669948833	53
Firmicutes	1891	0.9172342618884353	0.9669561785807972	0.9689444868041119	53
Bacteroidetes	865	0.9800452110115361	0.9966614644506298	0.9988822506037436	53
Proteobacteria	3190	0.8272013349411789	0.9091203486686967	0.9841740040112295	53
Alphaproteobacteria	965	0.5881290773532153	0.7935548695246972	0.9859986382850322	53
Betaproteobacteria	518	0.6318864097363084	0.7530628803245436	0.9772397095538283	53
Gammaproteobacteria	1411	0.7245949319391456	0.8486705760444633	0.9879953151951594	53
Actinobacteria	1527	0.8689919116726017	0.9740216165918079	0.9959059613129022	54
Firmicutes	1883	0.9068794474190482	0.9661996152330621	0.9667684116282376	54
Bacteroidetes	861	0.9658043413618793	0.9862721776191892	0.9939002674598263	54
Proteobacteria	3202	0.8305787499545367	0.9112493063189794	0.9850810189745368	54
Alphaproteobacteria	975	0.5946524064171123	0.8141844919786095	0.9872755914390307	54
Betaproteobacteria	518	0.6187018255578094	0.7886409736308316	0.9798014859502744	54
Gammaproteobacteria	1410	0.7279629629629629	0.8274629629629631	0.9868070834550664	54
Actinobacteria	1512	0.8789701019099683	0.9738138624552878	0.9963691202699848	55
Firmicutes	1875	0.9231432061268757	0.9717973947206473	0.9734547678538251	55
Bacteroidetes	856	0.9672618322656079	0.9888193311085669	0.9940235091789964	55
Proteobacteria	3220	0.8421731259510594	0.9154866784225526	0.9858409681948896	55
Alphaproteobacteria	977	0.6405567363325069	0.8039467469594993	0.9888307297403435	55
Betaproteobacteria	522	0.6315911910669975	0.8026132133995038	0.9817247235502271	55
Gammaproteobacteria	1419	0.7347594099326396	0.855676138970038	0.9881448206900614	55
Actinobacteria	1546	0.8542444191029097	0.9731559713871035	0.9961721853550911	56
Firmicutes	1875	0.9250585480093677	0.9677857013922587	0.9710139425026885	56
Bacteroidetes	876	0.9619187693549514	0.9929293791668931	0.9967316118773356	56
Proteobacteria	3187	0.8461623151934571	0.9142992788321507	0.9848159761327766	56
Alphaproteobacteria	977	0.6534807465949218	0.8046774283952692	0.9847557630767894	56
Betaproteobacteria	512	0.6517864476386037	0.7876386036960985	0.9788405380631093	56
Gammaproteobacteria	1397	0.7080653203689853	0.8265145848915483	0.9882021126836273	56
Actinobacteria	1529	0.9217008797653958	0.972456233893184	0.9955006232041526	57
Firmicutes	1876	0.9039831302717901	0.9613343486410497	0.9659507639944516	57
Bacteroidetes	875	0.9594121135508842	0.9901446696942741	0.9956425152523264	57
Proteobacteria	3197	0.8113553113553114	0.9040117622348247	0.9833784399351037	57
Alphaproteobacteria	974	0.6276566570684218	0.8166323872206225	0.9869306460636396	57
Betaproteobacteria	514	0.6471214541029736	0.7954217050726291	0.9787209207934331	57
Gammaproteobacteria	1406	0.6092496070158021	0.8047016274864376	0.9850235124881068	57
Actinobacteria	1531	0.8722737102255174	0.9691822233990909	0.9954733599963268	58
Firmicutes	1867	0.8994763439717568	0.9719705288512628	0.9725451355433103	58
Bacteroidetes	870	0.9714009287925697	0.9918498452012384	0.9959345647540911	58
Proteobacteria	3211	0.8369431180751936	0.9124548004264985	0.9837542309032016	58
Alphaproteobacteria	974	0.621788015905663	0.8249554367201426	0.9863783278270194	58
Betaproteobacteria	513	0.6021216768916156	0.7616734832992501	0.9764366015207747	58
Gammaproteobacteria	1412	0.7137631902634816	0.8092315659998705	0.984739744417833	58
Actinobacteria	1537	0.8875082159415913	0.9772507238910699	0.9970306827110933	59
Firmicutes	1888	0.9213065661047027	0.9620489500147886	0.9656471401508925	59
Bacteroidetes	857	0.9682094206466436	0.9884293451501723	0.9946236635766691	59
Proteobacteria	3187	0.8105678496770294	0.909094436253589	0.9839942139711273	59
Alphaproteobacteria	990	0.5954534940502197	0.7573183582204631	0.9832889963799455	59
Betaproteobacteria	517	0.6108536585365854	0.8378861788617886	0.9891524070223149	59
Gammaproteobacteria	1378	0.6727238239757207	0.8448406676783005	0.9848501967167649	59
Actinobacteria	1534	0.903578472809242	0.9678826104861608	0.9945379350973351	60
Firmicutes	1872	0.8984921739784785	0.9678346517796675	0.9705677565307448	60
Bacteroidetes	861	0.9594709414297042	0.9904028225088608	0.9953889618737826	60
Proteobacteria	3193	0.8495476946247629	0.9113703089402996	0.9832469952933799	60
Alphaproteobacteria	988	0.6236842105263157	0.7832271468144044	0.9845042736935998	60
Betaproteobacteria	516	0.6753048780487805	0.7708756775067751	0.9748020916289474	60
Gammaproteobacteria	1382	0.7640057906401732	0.8416733925208503	0.988444624844866	60
Actinobacteria	1510	0.9334225900681596	0.9765045689461462	0.9962915082477534	61
Firmicutes	1884	0.8785395763656634	0.967220596432553	0.9720117127108849	61
Bacteroidetes	873	0.9786314248285428	0.9947252831933421	0.9976424066230934	61
Proteobacteria	3212	0.8667625959292626	0.9158892688985281	0.9845526531556184	61
Alphaproteobacteria	982	0.735063635063635	0.7861861861861862	0.9838514491055945	61
Betaproteobacteria	506	0.6885654885654886	0.7846985446985446	0.9756720262593586	61
Gammaproteobacteria	1419	0.7554436969596121	0.8565383792521454	0.9896940807718588	61
Actinobacteria	1521	0.91813488871011	0.9795119334942344	0.9970785279577262	62
Firmicutes	1880	0.9033366382428911	0.9671276064027476	0.9672433922986633	62
Bacteroidetes	863	0.956377209317521	0.9892229409650756	0.995605482495731	62
Proteobacteria	3213	0.7791059400161218	0.8929776751382854	0.9829382714207491	62
Alphaproteobacteria	991	0.5235401853048912	0.6670706744236157	0.9776483264450625	62
Betaproteobacteria	511	0.7178730321697467	0.8191307323750856	0.985199699634221	62
Gammaproteobacteria	1410	0.5332000631919211	0.78638700190791	0.9846214014898494	62
Actinobacteria	1530	0.9148172748529089	0.974845279394671	0.9960429984733404	63
Firmicutes	1869	0.919536604654666	0.9635459817729907	0.9664234789189295	63
Bacteroidetes	869	0.9573529650888633	0.9891095790175449	0.9962368401291617	63
Proteobacteria	3197	0.7923812841054221	0.8880001161035644	0.9801271554885089	63
Alphaproteobacteria	976	0.5217948717948718	0.721247329059829	0.9760680316949796	63
Betaproteobacteria	513	0.6779508196721311	0.834139344262295	0.9856147530188278	63
Gammaproteobacteria	1405	0.5987036642774347	0.7977195846048305	0.9847155216824474	63
Actinobacteria	1520	0.9331143672210895	0.9649104167891098	0.9926437812761093	64
Firmicutes	1880	0.9080855601774722	0.968543607260484	0.9672988513807644	64
Bacteroidetes	871	0.9770700886900557	0.990832744682521	0.9949229648277428	64
Proteobacteria	3199	0.8312558790302378	0.9038958767613456	0.9835136635599314	64
Alphaproteobacteria	965	0.6403988757325678	0.8082914723119243	0.9882617663616015	64
Betaproteobacteria	524	0.6415157612340711	0.7272524033087413	0.9732197969387694	64
Gammaproteobacteria	1403	0.6958108495607518	0.8278394723808036	0.9876206091323136	64
Actinobacteria	1548	0.9259754119354563	0.9782613335610005	0.9969241414663526	65
Firmicutes	1875	0.9048348294182135	0.969392141337856	0.9679391695640117	65
Bacteroidetes	857	0.9645950345950346	0.989051689051689	0.9941804195687698	65
Proteobacteria	3193	0.8263213568559955	0.8963156196213424	0.9821180007556101	65
Alphaproteobacteria	984	0.6484346014441051	0.7488227403750105	0.9847874649212103	65
Betaproteobacteria	523	0.5852453102453102	0.7759018759018759	0.9784830965998488	65
Gammaproteobacteria	1387	0.7354636591478696	0.8158290462999603	0.9843753179082135	65
Actinobacteria	1541	0.8808518334510019	0.9768192871898125	0.9969186321903112	66
Firmicutes	1869	0.8978374567302704	0.9682946067288557	0.97063622699383	66
Bacteroidetes	871	0.9765416507815479	0.9928675816495107	0.9966625922857624	66
Proteobacteria	3196	0.805717490754211	0.9190472017247122	0.9864305424715096	66
Alphaproteobacteria	969	0.5950372208436725	0.806961676316515	0.9861518365857231	66
Betaproteobacteria	513	0.5747116237799468	0.8060780834072759	0.9856896205449774	66
Gammaproteobacteria	1411	0.644078460399704	0.8620651369356032	0.9909099791452803	66
Actinobacteria	1532	0.8562248657753448	0.9731529634698389	0.9953036994189508	67
Firmicutes	1878	0.906524253668193	0.9693833840867363	0.972793468551927	67
Bacteroidetes	861	0.9625580604962048	0.9915195261292463	0.9965236911362367	67
Proteobacteria	3200	0.8026604127625192	0.9103773299204977	0.9857773607197358	67
Alphaproteobacteria	983	0.6823008330400094	0.7952598850170127	0.9857691894752338	67
Betaproteobacteria	518	0.537037037037037	0.828769706570114	0.9820048269489969	67
Gammaproteobacteria	1406	0.6859363434492969	0.8529977794226499	0.9908384066777196	67
Actinobacteria	1524	0.8918036241045091	0.9778673268717517	0.9963648050995854	68
Firmicutes	1851	0.8752132322774286	0.9659650095129787	0.9664280998679965	68
Bacteroidetes	879	0.9740957966764419	0.9887430371301339	0.9936989894950337	68
Proteobacteria	3214	0.8456236604230734	0.917424983692107	0.9852386498378881	68
Alphaproteobacteria	988	0.6863588667366212	0.8382401439064608	0.991092297694128	68
Betaproteobacteria	516	0.6908350305498983	0.7602443991853362	0.9773392274484926	68
Gammaproteobacteria	1398	0.7122362326299537	0.8455288214101905	0.9885452416602905	68
Actinobacteria	1549	0.897905372312577	0.9757435273851144	0.9965756371442733	69
Firmicutes	1865	0.8952458096192242	0.9672182787523952	0.9704918529580431	69
Bacteroidetes	859	0.9732515277912503	0.9929228505836324	0.9975017208235328	69
Proteobacteria	3185	0.8558316462026208	0.9235359589456769	0.9876093556302616	69
Alphaproteobacteria	981	0.691931216931217	0.8293650793650793	0.9886941564606209	69
Betaproteobacteria	519	0.7139271255060728	0.8097975708502024	0.9831521059203173	69
Gammaproteobacteria	1385	0.7567572923272035	0.8688239801310504	0.9910441933466396	69
Actinobacteria	1532	0.92896418098031	0.9766726888702695	0.9968467268598254	70
Firmicutes	1878	0.8891802415699119	0.9666885034948673	0.9692967458559334	70
Bacteroidetes	861	0.9746236559139785	0.9926363998407008	0.997249960249249	70
Proteobacteria	3197	0.866131450288377	0.9223202179061151	0.987172172000849	70
Alphaproteobacteria	970	0.7173744944087557	0.8424339757316203	0.9902184703539199	70
Betaproteobacteria	518	0.7327235772357723	0.825007817385866	0.9845348383347884	70
Gammaproteobacteria	1410	0.7613242195470312	0.8389359314425627	0.9874400506295253	70
Actinobacteria	1537	0.9220440374469294	0.97924475512053	0.9966622738903042	71
Firmicutes	1858	0.9135004166978744	0.9673352854529048	0.9696377919360089	71
Bacteroidetes	871	0.9706982144286973	0.9903475058051084	0.9956595100051326	71
Proteobacteria	3205	0.8275935131223098	0.8923248057364872	0.9821175409731044	71
Alphaproteobacteria	981	0.5888483188802678	0.7861580201835793	0.98358493840251	71
Betaproteobacteria	525	0.6819999999999999	0.7850400000000001	0.9815835695391522	71
Gammaproteobacteria	1401	0.6868229096312306	0.8074969606916116	0.9855434358746595	71
Actinobacteria	1543	0.9213477001688672	0.9762273494850864	0.996724121168499	72
Firmicutes	1857	0.9058932983267856	0.9653057553528331	0.9674310627676114	72
Bacteroidetes	871	0.9680281798583308	0.9905297197412997	0.995507502521162	72
Proteobacteria	3201	0.8005543775690307	0.9074941660052832	0.9858760610464936	72
Alphaproteobacteria	973	0.5096085213858232	0.7883517267885576	0.9868498912687687	72
Betaproteobacteria	516	0.6579633401221996	0.8035030549898168	0.983402237034324	72
Gammaproteobacteria	1417	0.6590227353886442	0.8285977859778597	0.9872549975595968	72
Actinobacteria	1521	0.8944340097417187	0.9487840825350037	0.9888003432079505	73
Firmicutes	1877	0.9100214258343692	0.9648337102909428	0.9670311500428606	73
Bacteroidetes	873	0.9642160957950432	0.9928873108697669	0.996758926389622	73
Proteobacteria	3200	0.850521475778854	0.9172652159096909	0.9854087937230016	73
Alphaproteobacteria	978	0.6616400797607178	0.8040721585244267	0.9862914310806937	73
Betaproteobacteria	522	0.6099396378269617	0.7756136820925553	0.9780943409260424	73
Gammaproteobacteria	1396	0.7437326282963866	0.8448444173276387	0.989006327725155	73
Actinobacteria	1525	0.9176193436213436	0.9744106015152744	0.9957280329118559	74
Firmicutes	1871	0.8839664449662763	0.9619658450159596	0.9616900161703986	74
Bacteroidetes	869	0.9660495284875392	0.9880114611376124	0.9937133535602978	74
Proteobacteria	3207	0.8585792080621217	0.9224215865402916	0.98672554078175	74
Alphaproteobacteria	988	0.6519607843137255	0.8396358543417367	0.9917687240207033	74
Betaproteobacteria	528	0.7361111111111112	0.8456101190476191	0.9862464363910164	74
Gammaproteobacteria	1387	0.7205513784461153	0.8242382271468144	0.9861871635312854	74
Actinobacteria	1515	0.909709162475399	0.9715569647933523	0.9956216336326118	75
Firmicutes	1880	0.9181737080672137	0.9682560479644461	0.9707944270905173	75
Bacteroidetes	872	0.9699750900868219	0.9893105032769837	0.9943163210197635	75
Proteobacteria	3208	0.8525956235463461	0.9126031425940254	0.9842953900971059	75
Alphaproteobacteria	973	0.6316050375133977	0.8396436227224009	0.9902240060779064	75
Betaproteobacteria	525	0.6579613229712633	0.7518073377914333	0.9786103684505908	75
Gammaproteobacteria	1401	0.7653569649085343	0.8453626592640046	0.985956657108342	75
Actinobacteria	1526	0.9021516571230261	0.9726162588929377	0.9953889727353424	76
Firmicutes	1865	0.9100899639386055	0.9619542811651479	0.9670260888988678	76
Bacteroidetes	874	0.9716001525659888	0.9913558913045171	0.9968409363747714	76
Proteobacteria	3197	0.8494587928206233	0.9050115545338075	0.9818285464420613	76
Alphaproteobacteria	984	0.6494380772226549	0.7987231556693001	0.9833516598961002	76
Betaproteobacteria	523	0.7251586506346025	0.8370490981963928	0.9898988274287452	76
Gammaproteobacteria	1386	0.7112781954887218	0.7774637486573577	0.9807629984676329	76
Actinobacteria	1514	0.9265813719684346	0.9803588069759863	0.9974465756578356	77
Firmicutes	1870	0.9038273209224366	0.9623818234036743	0.9649923331306263	77
Bacteroidetes	887	0.9584800204609737	0.9902359029909129	0.9964594815590697	77
Proteobacteria	3197	0.8358977501511164	0.9186232466932887	0.9862918300571872	77
Alphaproteobacteria	981	0.639021164021164	0.8027777777777777	0.9891005597724252	77
Betaproteobacteria	521	0.6710567210567211	0.8123931623931624	0.979944499200473	77
Gammaproteobacteria	1401	0.7113939145727433	0.8764484810523019	0.9903275004323839	77
Actinobacteria	1535	0.8603507253019615	0.9632574503662583	0.9934194845261826	78
Firmicutes	1865	0.9066934046345811	0.9652234105763517	0.9681400166830969	78
Bacteroidetes	877	0.9549790982382801	0.9896461630337414	0.9947093105759773	78
Proteobacteria	3198	0.8546118127450449	0.9231756012069308	0.987875079762483	78
Alphaproteobacteria	985	0.643984962406015	0.8192330827067669	0.9890849030952678	78
Betaproteobacteria	520	0.622386492870265	0.7760913305922491	0.9806872794723812	78
Gammaproteobacteria	1392	0.7633126603934988	0.8624091103507272	0.9914053048383978	78
Actinobacteria	1555	0.8595505130673884	0.9540364481684839	0.9920802234546603	79
Firmicutes	1859	0.8747464587549101	0.970830853469825	0.9677090176564176	79
Bacteroidetes	867	0.9709165824457747	0.9915455181528415	0.9954997295861109	79
Proteobacteria	3197	0.8303941602041516	0.904672286039312	0.9843836625306136	79
Alphaproteobacteria	987	0.5716073968705548	0.7491891891891892	0.982894508181211	79
Betaproteobacteria	506	0.5524240315472049	0.7650970385834686	0.9762634802355934	79
Gammaproteobacteria	1404	0.7867385613253624	0.8583597077325831	0.9909285072081415	79
Actinobacteria	1536	0.9255430242272347	0.9765037593984963	0.9965103945799878	80
Firmicutes	1860	0.9094224119112857	0.9665680978038508	0.9693821789839266	80
Bacteroidetes	881	0.9625594951198939	0.9904468911917098	0.9961923132326184	80
Proteobacteria	3201	0.8439625296553008	0.9182984835093267	0.9854636015782516	80
Alphaproteobacteria	978	0.5806914065700008	0.8198164987302367	0.9888564067788214	80
Betaproteobacteria	517	0.699318502271659	0.7976265079116402	0.9791170328586216	80
Gammaproteobacteria	1397	0.7721141859885315	0.8601346297681376	0.9881475873279769	80
Actinobacteria	1531	0.9407372383892091	0.9755116241725695	0.9962229883085354	81
Firmicutes	1871	0.8986810199046515	0.9702812005353066	0.9731871213399679	81
Bacteroidetes	879	0.9653097798259089	0.9899882077301433	0.994790260559065	81
Proteobacteria	3188	0.857271275059388	0.9152870372007759	0.9831477363385132	81
Alphaproteobacteria	983	0.5991229072624422	0.8017970401691332	0.9853724137353688	81
Betaproteobacteria	501	0.6968029350104822	0.749475890985325	0.9748780979402834	81
Gammaproteobacteria	1399	0.7779237587261747	0.846621957277695	0.9860540272633558	81
Actinobacteria	1522	0.9447648488566911	0.978238195247422	0.9960636272369544	82
Firmicutes	1865	0.8927851746507222	0.9617524840421259	0.9632328680922431	82
Bacteroidetes	876	0.9656265462642257	0.9907301459673429	0.9957618901402577	82
Proteobacteria	3208	0.8333549896049897	0.8964750937407188	0.9816211390571861	82
Alphaproteobacteria	995	0.619039762415443	0.7757245779024364	0.9845710608897976	82
Betaproteobacteria	519	0.6801038843721771	0.721093044263776	0.974915878356621	82
Gammaproteobacteria	1382	0.7146968434211898	0.8201700697989375	0.9845370738459613	82
Actinobacteria	1542	0.9099474942815554	0.9705976641020309	0.9951453101036637	83
Firmicutes	1878	0.9087590558541716	0.9674182051881282	0.9701996526089224	83
Bacteroidetes	862	0.9708341546750772	0.9911459360010513	0.9961445277067259	83
Proteobacteria	3196	0.8294571295433364	0.9166408434296365	0.985200428456867	83
Alphaproteobacteria	987	0.5207761351636747	0.8301346356916578	0.9906688088586062	83
Betaproteobacteria	510	0.67309670781893	0.7806498628257889	0.9792006510125488	83
Gammaproteobacteria	1400	0.7447630357864323	0.8458844990756498	0.9856827996233395	83
Actinobacteria	1536	0.9074369132718973	0.975602876582551	0.9965476322177425	84
Firmicutes	1874	0.9105546225583097	0.9578843609854952	0.9517509387116463	84
Bacteroidetes	869	0.9670034048567391	0.9937765000642426	0.9978715006695699	84
Proteobacteria	3190	0.8531143348743111	0.9091957608932	0.985447987745178	84
Alphaproteobacteria	968	0.6439162422184493	0.7602857951329938	0.9841391446430987	84
Betaproteobacteria	520	0.6658585858585859	0.7744646464646464	0.9804049396695922	84
Gammaproteobacteria	1397	0.7710660991614096	0.8614235768032227	0.9905739509214373	84
Actinobacteria	1536	0.9307274053444732	0.980591472714011	0.9967914890624239	85
Firmicutes	1869	0.8784855811759156	0.9615374181753849	0.9627438959646045	85
Bacteroidetes	860	0.9720714820359282	0.9929905813373253	0.9965965708593182	85
Proteobacteria	3213	0.8238878285127	0.9047356866693235	0.9843761197543878	85
Alphaproteobacteria	982	0.5314589665653495	0.7671225937183385	0.9825836666661223	85
Betaproteobacteria	520	0.6759595959595959	0.8033939393939393	0.981602660653028	85
Gammaproteobacteria	1412	0.699141751133296	0.8449421891712932	0.9890228259353955	85
Actinobacteria	1545	0.9404527472139312	0.9809456738665866	0.9967742005519519	86
Firmicutes	1862	0.9208508980042902	0.9658624524880339	0.968191386029466	86
Bacteroidetes	860	0.9618072173829808	0.9901287450942854	0.9947278005953135	86
Proteobacteria	3207	0.8379033572359844	0.9122142158688769	0.9837283731600917	86
Alphaproteobacteria	975	0.5592914438502674	0.8424866310160428	0.9893276040890812	86
Betaproteobacteria	519	0.6488663967611336	0.7317004048582996	0.973551865046893	86
Gammaproteobacteria	1407	0.7471306970680709	0.85050228777383	0.9891082583174666	86
Actinobacteria	1540	0.8521594829278079	0.9654805465543784	0.9949246225580992	87
Firmicutes	1864	0.8928706791995149	0.9661122744845361	0.9696555490334774	87
Bacteroidetes	861	0.9651017946968374	0.9870197876830797	0.9882885621027129	87
Proteobacteria	3212	0.8418926857926172	0.8829852708732568	0.9766352651756725	87
Alphaproteobacteria	973	0.6359275053304905	0.6439232409381662	0.9710377575721838	87
Betaproteobacteria	511	0.6312511619260086	0.7327570180330917	0.9739468155216242	87
Gammaproteobacteria	1418	0.691704729279665	0.7956275573318108	0.9836024606136142	87
Actinobacteria	1522	0.9458012114537445	0.982743667400881	0.99753858212054	88
Firmicutes	1882	0.9036315004670648	0.9686735943093534	0.9708221763596793	88
Bacteroidetes	850	0.9664143338166982	0.9880715380014911	0.9935209760647512	88
Proteobacteria	3219	0.8019096094571134	0.8813886887820778	0.9783887567533953	88
Alphaproteobacteria	990	0.5593949985864453	0.756059009483667	0.9821707661405639	88
Betaproteobacteria	518	0.6713056680161944	0.6880060728744939	0.9695801019299766	88
Gammaproteobacteria	1411	0.6024833029751062	0.799860352155434	0.9830883303865072	88
Actinobacteria	1526	0.9278279688090413	0.9809994503795815	0.9973544243718353	89
Firmicutes	1876	0.884509376403763	0.9629793612387245	0.9607837688825117	89
Bacteroidetes	875	0.9744840941796026	0.9891001500260249	0.9942926916969529	89
Proteobacteria	3183	0.8411175091920611	0.904061471307294	0.9825680833282208	89
Alphaproteobacteria	977	0.6077714253685331	0.72331988117258	0.9787241700551115	89
Betaproteobacteria	517	0.6397481406355646	0.8051893171061528	0.98065573891205	89
Gammaproteobacteria	1392	0.7465828321487151	0.827132630615281	0.9865436574601614	89
Actinobacteria	1527	0.9345405132654054	0.9758726308614324	0.9957772088064	90
Firmicutes	1873	0.9119202068276632	0.9658140901345554	0.9674500035594366	90
Bacteroidetes	867	0.9622493461203139	0.9940952682888167	0.9980635810859909	90
Proteobacteria	3196	0.8234611261517091	0.918583907373145	0.9861527184969217	90
Alphaproteobacteria	985	0.5732232883395674	0.7927440776277985	0.9866473504135084	90
Betaproteobacteria	514	0.7718200408997955	0.838200408997955	0.9851054795731033	90
Gammaproteobacteria	1399	0.6172535880619713	0.84157874726737	0.986482142851264	90
Actinobacteria	1539	0.9250493182730748	0.9705334229500182	0.9950975144562992	91
Firmicutes	1887	0.8944832290995727	0.9688320278141384	0.9700012438963364	91
Bacteroidetes	840	0.9719050271549923	0.9889682843615095	0.9948207208727821	91
Proteobacteria	3198	0.8221207904649463	0.914639788422256	0.9860603668463153	91
Alphaproteobacteria	989	0.5749387897866387	0.7825725778244141	0.9867261150303354	91
Betaproteobacteria	520	0.6407930107526881	0.7863323252688171	0.9818597590269817	91
Gammaproteobacteria	1385	0.7157925701798622	0.8515356722618448	0.9874474338621286	91
Actinobacteria	1524	0.9239075276124245	0.9712182120651842	0.9951470207834424	92
Firmicutes	1871	0.8865015446368281	0.9640886642714795	0.9678259362471728	92
Bacteroidetes	865	0.9648255442763201	0.990610834450616	0.9961881073785401	92
Proteobacteria	3205	0.8390263144860574	0.9009049805772347	0.9826539611064888	92
Alphaproteobacteria	981	0.5620779148294915	0.7120890774125133	0.9792052601631261	92
Betaproteobacteria	521	0.7409479409479409	0.7878010878010878	0.9803048369441413	92
Gammaproteobacteria	1402	0.7718426997488547	0.8481328167396545	0.9879895933830873	92
Actinobacteria	1524	0.940142825011246	0.9814627380416854	0.9975779496001309	93
Firmicutes	1898	0.904676833497609	0.9675150814076587	0.9683357337994855	93
Bacteroidetes	877	0.969374856354861	0.9886233049873593	0.9944824174379807	93
Proteobacteria	3171	0.8217482937110017	0.9014450401752393	0.9822342241431721	93
Alphaproteobacteria	986	0.6100304730441717	0.7616979466294536	0.9820172896937936	93
Betaproteobacteria	508	0.6358592132505176	0.7306832298136646	0.9728324117527423	93
Gammaproteobacteria	1384	0.6852276609243082	0.854082280025377	0.9886482363669704	93
Actinobacteria	1549	0.9271803447388731	0.9772210788097075	0.9966238534841666	94
Firmicutes	1853	0.8976153774121749	0.9699476086544163	0.9719526402661283	94
Bacteroidetes	872	0.9652779416971558	0.9915024194500177	0.9959224353239947	94
Proteobacteria	3199	0.8329972953036636	0.9172520987741053	0.9852923436802229	94
Alphaproteobacteria	963	0.5592324342324342	0.8188339438339438	0.9876069539129884	94
Betaproteobacteria	518	0.7220816464237517	0.8122047908232118	0.983046782483866	94
Gammaproteobacteria	1415	0.6837239993219846	0.8432876480131728	0.9862587537782777	94
Actinobacteria	1532	0.9436224153205286	0.9796524230486494	0.9968936590478293	95
Firmicutes	1855	0.8722930217464961	0.9653073714752017	0.9642773752213399	95
Bacteroidetes	889	0.9733256693614181	0.9877846176666913	0.9938439310244573	95
Proteobacteria	3204	0.8270960574260731	0.8975126497389463	0.9817628908880944	95
Alphaproteobacteria	976	0.5733974358974359	0.7590678418803418	0.9813183846280231	95
Betaproteobacteria	516	0.6296296296296297	0.7886086495493448	0.9784984593839439	95
Gammaproteobacteria	1416	0.6954563052124028	0.8370816175694225	0.9871742741897199	95
Actinobacteria	1527	0.9239676072860872	0.9773810281640188	0.9969475228450654	96
Firmicutes	1869	0.9219725108824786	0.963886488821687	0.9658857083641237	96
Bacteroidetes	879	0.9641246836899011	0.9918487846024078	0.9958271742296252	96
Proteobacteria	3195	0.8631965944272446	0.924631755723732	0.9874008305930729	96
Alphaproteobacteria	971	0.7405830280830281	0.8489316239316239	0.9910158871036316	96
Betaproteobacteria	518	0.6387483130904184	0.791751012145749	0.980169638489495	96
Gammaproteobacteria	1396	0.7416899230900253	0.8552271268162939	0.9902196774539912	96
Actinobacteria	1545	0.9159642906288703	0.9810164958029448	0.9968268450298585	97
Firmicutes	1870	0.8936832111423132	0.9710369588571214	0.9728681775418442	97
Bacteroidetes	884	0.9694875963391136	0.9897865486512524	0.9939777285500141	97
Proteobacteria	3172	0.8417541258632124	0.9128795452772034	0.9844510912875055	97
Alphaproteobacteria	973	0.610937860937861	0.8483050358050357	0.9920651258145892	97
Betaproteobacteria	513	0.6559016393442623	0.7668032786885246	0.9777072631620418	97
Gammaproteobacteria	1382	0.7373121482952665	0.8414829526646807	0.9876272940468779	97
Actinobacteria	1535	0.8783277742085949	0.977071910725444	0.9964638984809893	98
Firmicutes	1841	0.9200401279638872	0.9702158240278596	0.9714030871387058	98
Bacteroidetes	866	0.9720375393034587	0.9894550720463401	0.9945740232735523	98
Proteobacteria	3232	0.8214702271853971	0.9038256420370627	0.9823009853778581	98
Alphaproteobacteria	976	0.5850072943552912	0.8254825496577265	0.9886001813155044	98
Betaproteobacteria	537	0.6966039854055571	0.7636472074094864	0.9758041090062624	98
Gammaproteobacteria	1412	0.7317833784324907	0.8246107922486076	0.9861006768422623	98
Actinobacteria	1538	0.9056678765008277	0.9683150111156245	0.995178424214541	99
Firmicutes	1869	0.9087385615526846	0.9690941103037298	0.9703666500616056	99
Bacteroidetes	854	0.9620275577876505	0.9917423218079969	0.9961302118649734	99
Proteobacteria	3210	0.8293984972203433	0.9102946211007511	0.9856062452411416	99
Alphaproteobacteria	976	0.6520450162622686	0.7815819013902081	0.9862549622689092	99
Betaproteobacteria	519	0.7022727272727273	0.8720959595959595	0.9921610914884901	99
Gammaproteobacteria	1413	0.6476743630763353	0.8301676177741697	0.9859957945739489	99
