	bayesian:non-Anaerobe:prob	bayesian:non-Anaerobe:label	Davin:non-Anaerobe:prob	Davin:non-Anaerobe:label	microtraits:non-Anaerobe:prob	microtraits:non-Anaerobe:label	Traitar:non-Anaerobe:prob	Traitar:non-Anaerobe:label	bacdivAI:non-Anaerobe:prob	bacdivAI:non-Anaerobe:label	top40:non-Anaerobe:prob	top40:non-Anaerobe:label
AABM5X1	0.999976000442329	1	0.0003077430883422	0	NA	1	NA	1	30.099999999999994	0	0.0768473681452984	0
AABM5X2	9.74040415556942e-10	0	7.69352627685e-05	0	NA	0	NA	0	20.709999999999997	0	0.0144702298372891	0
AABM5X3	7.266719106710284e-13	0	5.13092491019e-05	0	NA	0	NA	0	12.420000000000002	0	0.0023367652605597	0
Abys1	1.1351097086664283e-09	0	4.304692083678674e-06	0	NA	0	NA	0	15.340000000000003	0	0.0737560892879672	0
Acid1	0.9999990366185866	1	0.9973878264427184	1	NA	1	NA	0	79.81	1	0.4885774240531373	0
Acid10	0.9999999998117346	1	0.9933016300201416	1	NA	0	NA	1	67.22	1	0.5570676709734821	1
Acid11	7.969465972267785e-09	0	1.94944223039e-05	0	NA	0	NA	1	18.349999999999994	0	0.0068292763264694	0
Acid12	0.9999999979725132	1	0.0195147916674613	0	NA	1	NA	1	59.26	1	0.1210984297753439	0
Acid13	0.9658540959996226	1	0.0464318580925464	0	NA	1	NA	1	50.4	1	0.2819189233115756	0
Acid14	0.9999999999997722	1	0.9882701635360718	1	NA	0	NA	1	67.61	1	0.8985636278614058	1
Acid16	0.9999966261284032	1	0.1308447122573852	0	NA	0	NA	1	38.76	0	0.2375035835665909	0
Acid17	0.9999999262238428	1	0.5835867524147034	1	NA	1	NA	1	64.0	1	0.121834434655612	0
Acid18	1.796550243765479e-13	0	2.30995683523e-05	0	NA	0	NA	1	9.549999999999995	0	0.0111902881004753	0
Acid2	0.9999991717980486	1	0.9710559844970704	1	NA	0	NA	0	54.88	1	0.2143580634514272	0
Acid20	0.997742935518438	1	0.9993308782577516	1	NA	1	NA	1	84.67	1	0.8658137568901683	1
Acid21	0.999999955959413	1	0.9985488057136536	1	NA	1	NA	1	70.25	1	0.2609331773313649	0
Acid22	0.9999330635693198	1	0.0297315809875726	0	NA	1	NA	1	49.88	1	0.1957157162801218	0
Acid23	0.9999999999997156	1	0.9941014647483826	1	NA	0	NA	0	75.45	1	0.7425166607884702	1
Acid24	0.9999999327716113	1	0.9932965636253356	1	NA	1	NA	1	60.7	1	0.6470597901929354	1
Acid25	0.0028075181063607	0	0.0008382720989175	0	NA	1	NA	1	37.87	0	0.0681935020288646	0
Acid26	0.9997219153944836	1	0.0017362489597871	0	NA	1	NA	0	50.44	0	0.0607558343042041	0
Acid27	0.99999999342475	1	0.9983186721801758	1	NA	1	NA	1	69.13	1	0.9906139080342335	1
Acid28	0.971848437087083	1	0.8873569965362549	1	NA	0	NA	1	53.75	1	0.1042273446483046	0
Acid29	1.191170221100439e-23	0	2.1852144982403843e-06	0	NA	0	NA	1	2.230000000000004	0	0.0098997095565671	0
Acid3	0.9975993017062034	1	0.9982598423957824	1	NA	1	NA	1	85.49	1	0.8096455977860615	1
Acid30	0.9999999776628132	1	0.9893168807029724	1	NA	1	NA	1	71.92	1	0.6161613378022699	1
Acid31	6.205403532103758e-10	0	4.947140951117035e-06	0	NA	0	NA	1	8.060000000000002	0	0.0100319841577918	0
Acid32	0.9902932916172286	1	0.0004826431104447	0	NA	1	NA	0	42.87	0	0.0935268380801876	0
Acid33	0.999999953399162	1	0.9531126022338868	1	NA	1	NA	0	66.15	1	0.9871415760000788	1
Acid34	0.9999999998815926	1	0.956723928451538	1	NA	1	NA	0	67.82	1	0.8687669115059758	1
Acid35	0.9999999999933152	1	0.008876190520823	0	NA	0	NA	1	50.71	1	0.2347418053736423	0
Acid36	0.9999995843336228	1	0.9998369216918944	1	NA	1	NA	0	85.81	1	0.9594479771190398	1
Acid37	0.9999990849654684	1	0.9974416494369508	1	NA	1	NA	1	76.0	1	0.9005259742510399	1
Acid38	0.9999779304649252	1	0.9998630285263062	1	NA	1	NA	1	92.77	1	0.9393113109266557	1
Acid39	0.9999999998533782	1	0.0001414175494574	0	NA	0	NA	1	30.90000000000001	0	0.2611650702308472	0
Acid4	0.9999987267714188	1	0.6454923152923584	1	NA	1	NA	1	43.49	1	0.2705824308484973	0
Acid40	0.9999999850953702	1	0.9996008276939392	1	NA	1	NA	0	86.88	1	0.8159112663294323	1
Acid5	0.9996952509976268	1	0.9866378307342528	1	NA	0	NA	1	59.58	1	0.1289667986086077	0
Acid6	0.9999999994434764	1	0.4737311601638794	0	NA	0	NA	1	65.92	1	0.1634255649805035	0
Acid7	0.9216816832168075	1	0.914478361606598	1	NA	0	NA	1	77.54	1	0.2441848072360874	0
Acid8	1.6098421363772543e-09	0	0.0007171616307459	0	NA	0	NA	0	14.650000000000006	0	0.0090189111961256	0
Acid9	0.0047332772057572	0	0.0006606520619243	0	NA	0	NA	1	40.68	0	0.2046180906735073	0
Acti10	0.999906790667066	1	0.9999984502792358	1	NA	1	NA	1	89.25	1	0.9435494787371648	1
Acti11	0.9999999936882312	1	0.8864554762840271	1	NA	1	NA	1	68.13	1	0.8857013700342259	1
Acti12	0.9996834718737768	1	0.9971989393234252	1	NA	1	NA	1	92.21	1	0.9734742871146508	1
Acti13	0.9999999999410824	1	0.9925107955932616	1	NA	0	NA	0	68.63	1	0.6714338851449537	1
Acti14	0.9999999998730046	1	0.9846560955047609	1	NA	1	NA	1	77.07	1	0.793196322530562	1
Acti15	0.9999960575619784	1	0.9990423321723938	1	NA	1	NA	1	67.78	1	0.6552214672336456	1
Acti16	0.9999999999895924	1	0.9902950525283812	1	NA	1	NA	0	73.32	1	0.8365503806879594	1
Acti18	0.999999999995134	1	0.9920645356178284	1	NA	0	NA	1	77.59	1	0.7825794522760747	1
Acti19	0.9999999992695646	1	0.9963151812553406	1	NA	1	NA	1	66.15	1	0.4766951958246427	0
Acti2	8.276144697202799e-15	0	4.32756023656e-05	0	NA	0	NA	0	9.650000000000006	0	0.0528770447245375	0
Acti20	1.1519168433052312e-20	0	1.5127287952e-05	0	NA	0	NA	0	4.109999999999999	0	0.002992421164647	0
Acti21	0.999999676848196	1	0.9999362230300904	1	NA	1	NA	1	94.23	1	0.959036574567132	1
Acti22	0.9999995945355556	1	0.3620635867118835	0	NA	0	NA	1	53.74	1	0.062173095473786	0
Acti23	0.999999999844859	1	0.9588818550109864	1	NA	1	NA	1	71.33	1	0.4702195188062011	0
Acti24	6.482169413102923e-13	0	2.56994935625e-05	0	NA	0	NA	0	15.010000000000003	0	0.101602866790868	0
Acti25	0.999999865255418	1	0.9993351101875304	1	NA	1	NA	0	69.88	1	0.5638241657960299	1
Acti26	0.999999921170063	1	0.8543773889541626	1	NA	0	NA	1	66.18	1	0.5982665581530905	1
Acti27	2.4748368768899904e-12	0	1.999432015509228e-06	0	NA	0	NA	1	6.019999999999996	0	0.0092185927215749	0
Acti28	0.6017541410102201	1	0.9999985694885254	1	NA	1	NA	0	95.37	1	0.9858200512514784	1
Acti29	3.6759864250520266e-22	0	1.465368882236362e-06	0	NA	0	NA	1	2.7900000000000063	0	0.0183575558398958	0
Acti3	0.9999999956806764	1	0.973021388053894	1	NA	0	NA	0	83.2	1	0.6553758281052225	1
Acti30	1.191170221100439e-23	0	2.1852144982403843e-06	0	NA	0	NA	1	2.230000000000004	0	0.0098997095565671	0
Acti31	0.9999980604276234	1	0.9977487921714784	1	NA	1	NA	0	72.04	1	0.6018256312307211	1
Acti32	0.8027259553686563	1	0.9994211196899414	1	NA	1	NA	1	86.87	1	0.9699925555261596	1
Acti33	0.9999999907451954	1	0.9980472326278688	1	NA	1	NA	1	84.25	1	0.8231421937057393	1
Acti34	0.999999912749602	1	0.9996941089630128	1	NA	1	NA	1	88.61	1	0.9494442311041206	1
Acti35	0.9999991497648056	1	0.9999475479125975	1	NA	1	NA	1	92.3	1	0.800675001225756	1
Acti36	0.7109670648717024	1	0.9999938011169434	1	NA	1	NA	1	96.47	1	0.967946734243074	1
Acti37	0.9999998289643892	1	0.9999374151229858	1	NA	1	NA	1	95.12	1	0.9663043183911878	1
Acti38	0.999999910730662	1	0.9998090863227844	1	NA	0	NA	1	87.98	1	0.9156781316115428	1
Acti39	1.5785051979460868e-15	0	4.498911110317749e-08	0	NA	0	NA	1	19.81	0	0.0111663378912282	0
Acti4	0.9999999999739654	1	0.99881774187088	1	NA	1	NA	1	78.17	1	0.5076605429405353	1
Acti40	0.99999999996703	1	0.999321222305298	1	NA	1	NA	0	75.14	1	0.90794545738558	1
Acti41	0.999999830948778	1	0.9918227791786194	1	NA	1	NA	1	80.08	1	0.9661002705367188	1
Acti42	0.9999995228451066	1	0.9984052777290344	1	NA	0	NA	1	75.42	1	0.7561149209346495	1
Acti43	0.999997175614846	1	0.9999918937683104	1	NA	1	NA	1	93.19	1	0.986105830062022	1
Acti44	0.9999999999736	1	0.9010092616081238	1	NA	1	NA	1	55.48	1	0.9785947539348204	1
Acti45	0.9999999986158796	1	0.998258650302887	1	NA	1	NA	1	86.21	1	0.940333281744328	1
Acti46	0.999999999179368	1	0.999861478805542	1	NA	1	NA	0	91.02	1	0.9807635590335814	1
Acti47	0.9999999997942032	1	0.9992477893829346	1	NA	1	NA	1	73.51	1	0.9154371439507412	1
Acti48	1.0	1	0.9670026898384094	1	NA	1	NA	1	58.48	1	0.9262526570228512	1
Acti49	0.9994284697483928	1	0.9999837875366212	1	NA	1	NA	0	86.66	1	0.965101205348624	1
Acti5	4.839355362443995e-09	0	4.710082066594623e-07	0	NA	0	NA	1	10.299999999999995	0	0.0851708308977399	0
Acti50	0.9999923353419012	1	0.9993404746055604	1	NA	1	NA	0	93.26	1	0.9654124004071684	1
Acti51	1.957294284662469e-19	0	9.852992661762985e-07	0	NA	0	NA	1	4.769999999999996	0	0.0117704013651961	0
Acti52	0.9999999999999908	1	0.9773612022399902	1	NA	1	NA	0	56.4	1	0.9487070416609216	1
Acti6	0.9999999694164808	1	0.7840533256530762	1	NA	1	NA	1	74.98	1	0.6062865674994052	1
Acti7	0.9999999716136244	1	0.9943286776542664	1	NA	0	NA	1	84.96	1	0.7479875444229869	1
Acti8	6.028968195250003e-10	0	0.0001485422981204	0	NA	0	NA	0	21.260000000000005	0	0.0930491722775941	0
Acti9	4.2576504650130763e-16	0	8.19181514088e-05	0	NA	0	NA	0	10.480000000000004	0	0.0019751880657755	0
Aero1	2.7810038256509533e-16	0	5.297290954331402e-06	0	NA	0	NA	0	9.620000000000005	0	0.0134611038859272	0
Aqui1	3.654371814872602e-08	0	0.0086230533197522	0	NA	0	NA	0	10.560000000000002	0	0.0396827204338504	0
Aqui2	8.619341230918868e-10	0	0.0002350291470065	0	NA	0	NA	0	7.760000000000005	0	0.0235878247419661	0
Aqui3	5.433410774062712e-14	0	3.072553340643936e-07	0	NA	0	NA	0	1.25	0	0.0150300709905088	0
Aqui4	0.0002327876639369	0	0.3645393848419189	0	NA	0	NA	1	12.370000000000005	0	0.1395336469351365	0
Aqui5	1.3703307983831342e-10	0	0.0004474815505091	0	NA	0	NA	0	12.150000000000006	0	0.0186040309655962	0
Aqui6	7.109136433993751e-06	0	0.0016444848151877	0	NA	0	NA	0	16.090000000000003	0	0.04820447523952	0
Arma11	0.9917752236753168	1	0.0944312065839767	0	NA	1	NA	0	35.91	0	0.2265677219439583	0
Arma12	0.9999999852339458	1	0.955564260482788	1	NA	0	NA	0	68.99	1	0.371500180743463	0
Arma13	0.9999115155294858	1	0.912409484386444	1	NA	1	NA	1	54.18	1	0.6751162001317538	1
Arma14	4.907779209870326e-10	0	2.55999129876e-05	0	NA	0	NA	0	6.219999999999999	0	0.004776394736937	0
Arma15	0.9991240556215484	1	0.885083794593811	1	NA	1	NA	1	51.8	1	0.5070156263223278	1
Arma16	0.9999991370755802	1	0.9972835779190063	1	NA	0	NA	0	77.76	1	0.4312869940231933	0
Arma3	0.9996672123702804	1	0.9974316954612732	1	NA	0	NA	1	63.16	1	0.2526141211661231	0
Arma4	4.003751517703232e-05	0	2.68049443548e-05	0	NA	0	NA	0	8.5	0	0.0198431888827228	0
Arma6	0.999996985937862	1	0.9986925721168518	1	NA	0	NA	1	79.53	1	0.9370306728369712	1
Arma7	0.1051449264864557	0	0.0035882554948329	0	NA	0	NA	0	24.090000000000003	0	0.1011759174568598	0
Arma9	0.6661426333947714	1	0.0342365093529224	0	NA	1	NA	0	47.82	1	0.1576847453711456	0
Aure1	3.328443657793487e-21	0	5.092529590910999e-06	0	NA	0	NA	0	3.049999999999997	0	0.0043604194829181	0
Aure2	3.1681628461945e-17	0	7.24802084732e-05	0	NA	0	NA	1	19.450000000000003	0	0.0135341422207914	0
Aure3	4.2148132938999706e-14	0	1.863439479166118e-06	0	NA	0	NA	0	7.090000000000003	0	0.0101849806776504	0
B130X1	1.0486455373563896e-16	0	1.37178194563e-05	0	NA	0	NA	1	5.780000000000001	0	0.0202764664699104	0
BMS3X1	2.000304943760433e-09	0	7.961890560181928e-07	0	NA	0	NA	1	4.6200000000000045	0	0.005511963898821	0
Bact1	0.690524044244837	1	0.9948601722717284	1	NA	0	NA	1	53.5	1	0.3925735354291905	0
Bact10	0.9999999998664856	1	0.9309526681900024	1	NA	0	NA	0	65.65	1	0.7640338103894346	1
Bact11	0.9999977574157588	1	0.99498051404953	1	NA	1	NA	0	60.25	1	0.1877099893207049	0
Bact12	0.9999977212747212	1	0.2399819046258926	0	NA	1	NA	1	62.23	1	0.5440152709025549	1
Bact13	0.9424624959045034	1	0.9861710667610168	1	NA	0	NA	1	58.82	1	0.3827635608728239	0
Bact14	0.9999941874371188	1	0.0081898923963308	0	NA	0	NA	1	50.19	1	0.0948899065656596	0
Bact16	0.9999999989753728	1	0.9243329167366028	1	NA	1	NA	1	78.1	1	0.646492461400786	1
Bact17	0.9994804259203232	1	0.9931334853172302	1	NA	0	NA	0	58.77	1	0.2891960077056821	0
Bact18	0.2380874702430247	0	0.0006864062161184	0	NA	0	NA	1	33.900000000000006	0	0.0196691865153798	0
Bact19	0.9999999861329544	1	0.9999957084655762	1	NA	0	NA	1	88.26	1	0.9645188321304294	1
Bact2	0.9999999999935312	1	0.9925461411476136	1	NA	0	NA	1	67.11	1	0.1674205565291762	0
Bact20	0.9990840171115156	1	0.0883431583642959	0	NA	1	NA	1	47.72	1	0.1337584376914151	0
Bact21	0.985558732559454	1	9.4420654932e-05	0	NA	0	NA	1	35.599999999999994	0	0.0638458207706966	0
Bact22	0.0103955180989587	0	0.0013561770319938	0	NA	0	NA	0	33.209999999999994	0	0.0240572609212628	0
Bact23	0.9999180008514807	1	7.8195844253e-05	0	NA	1	NA	0	32.16	0	0.0372984687159207	0
Bact24	0.9999922568968056	1	0.8415481448173523	1	NA	1	NA	0	57.88	1	0.7427137775306096	1
Bact25	0.9999918575021391	1	0.9992238283157348	1	NA	1	NA	1	74.07	1	0.7916181233527788	1
Bact27	0.9999999996700568	1	0.9997349381446838	1	NA	0	NA	1	93.58	1	0.9806291013400568	1
Bact28	0.999999697772043	1	0.0296820569783449	0	NA	1	NA	1	58.83	1	0.3706483550635668	0
Bact29	0.9844790445693208	1	8.95206685527e-05	0	NA	1	NA	1	24.19	0	0.4610816636186472	0
Bact3	0.999999999019144	1	0.4821985065937042	0	NA	0	NA	1	65.33	1	0.1342928105938868	0
Bact30	0.1036663898129345	0	0.004493040498346	0	NA	0	NA	1	33.349999999999994	0	0.0298495619156161	0
Bact31	0.0050542321295092	0	5.29060453118e-05	0	NA	1	NA	1	7.920000000000002	0	0.0843493099335582	0
Bact32	0.0617302780241323	0	0.0014587860787287	0	NA	0	NA	1	37.67	0	0.0526935336737967	0
Bact33	0.9999999999981034	1	0.9998496770858764	1	NA	1	NA	1	77.6	1	0.9713083630339364	1
Bact34	0.9999999770426902	1	0.0024736076593399	0	NA	0	NA	1	53.39	1	0.1178180884006147	0
Bact35	0.9999999999374604	1	0.9999624490737916	1	NA	1	NA	0	85.52	1	0.8741388673387233	1
Bact36	0.999999999999707	1	0.9998273253440856	1	NA	1	NA	1	95.05	1	0.8971263092962246	1
Bact37	0.99999999999617	1	0.999958634376526	1	NA	1	NA	1	81.97	1	0.8122162989276572	1
Bact38	0.0022713086108032	0	4.036799055029405e-06	0	NA	1	NA	1	18.47	0	0.0269146548872539	0
Bact39	0.9999999999597546	1	0.6054819226264954	1	NA	1	NA	0	75.73	1	0.8554301647158814	1
Bact4	0.9944499934584006	1	0.0183041766285896	0	NA	1	NA	1	51.87	1	0.0334102769121578	0
Bact40	0.9999999999932194	1	0.9999009370803832	1	NA	1	NA	0	90.58	1	0.9788362195410688	1
Bact41	0.9999999994896218	1	0.9999761581420898	1	NA	1	NA	1	92.68	1	0.98516864835878	1
Bact42	0.9999999999996192	1	0.9998952150344848	1	NA	1	NA	1	78.2	1	0.9266272073069024	1
Bact43	0.0001162428365613	0	0.6864439249038696	1	NA	0	NA	1	8.599999999999994	0	0.5059109458839267	1
Bact44	0.9999999998273924	1	0.9998979568481444	1	NA	1	NA	1	93.85	1	0.9673301636631976	1
Bact5	0.9999999998463528	1	0.8353345394134521	1	NA	1	NA	0	75.68	1	0.5106627263926433	1
Bact6	0.9999999999977834	1	0.9983552098274232	1	NA	1	NA	1	74.8	1	0.7931227082416216	1
Bact7	0.0005971964555909	0	0.0277674943208694	0	NA	1	NA	1	26.75	0	0.0398517664314788	0
Bact8	0.0016690992254948	0	0.0190365444868803	0	NA	0	NA	1	25.65000000000001	0	0.0426282160633496	0
Bact9	0.9824474599000876	1	7.49909740989e-05	0	NA	0	NA	0	32.959999999999994	1	0.5717617037659106	1
Bdell10	0.6591448533567155	1	0.1728347986936569	0	NA	1	NA	0	33.129999999999995	0	0.419820251501501	0
Bdell11	0.9999999700589782	1	0.997669279575348	1	NA	1	NA	1	58.93	1	0.3917700488487367	0
Bdell12	0.9999999999470148	1	0.9766517281532288	1	NA	0	NA	1	78.04	1	0.98516864835878	1
Bdell13	0.9999999884800884	1	0.999409317970276	1	NA	0	NA	1	64.16	1	0.9489854269632276	1
Bdell14	0.9979068080616	1	0.0011525363661348	0	NA	0	NA	1	36.29	0	0.2050849246384023	0
Bdell15	0.0029548853161304	0	1.27149733089e-05	0	NA	0	NA	1	19.120000000000005	0	0.0382262297294249	0
Bdell16	0.999999999999994	1	0.9802396893501282	1	NA	1	NA	1	68.73	1	0.9172944321316504	1
Bdell17	0.9999999999988683	1	0.9927099943161012	1	NA	1	NA	1	70.45	1	0.9008658894620792	1
Bdell2	1.85596669084203e-06	0	0.1018498241901397	0	NA	0	NA	1	30.180000000000007	0	0.0905958385382242	0
Bdell3	0.9999999999985422	1	0.9784627556800842	1	NA	1	NA	1	79.25	1	0.9759784235685006	1
Bdell4	0.9999590703467848	1	0.0009997402084991	0	NA	0	NA	0	32.56999999999999	0	0.3668843289567925	0
Bdell5	0.999999999916062	1	0.9973387122154236	1	NA	1	NA	1	65.11	1	0.926025383605806	1
Bdell6	0.9999990486919558	1	0.9968063831329346	1	NA	0	NA	1	61.51	1	0.8572496155019342	1
Bdell7	0.9999999984643556	1	0.9922106266021729	1	NA	0	NA	0	70.32	1	0.8855099351680809	1
Bdell9	0.9999962416708996	1	0.9902169704437256	1	NA	0	NA	1	66.77	1	0.8869610165233203	1
BdellC1	0.9998733824529018	1	0.9053808450698853	1	NA	0	NA	1	53.82	1	0.848836305138018	1
BdellC2	0.9999694927129572	1	0.998027503490448	1	NA	0	NA	1	62.85	1	0.6932038501392406	1
Bipo1	0.0877559056468847	0	0.0186950992792844	0	NA	0	NA	1	30.69	0	0.615207228051328	1
Bipo2	1.56519165649182e-17	0	1.846175763375868e-07	0	NA	0	NA	0	4.640000000000001	0	0.0023821494500241	0
CG267X1	4.983061087133044e-14	0	2.41641064349e-05	0	NA	0	NA	0	10.409999999999997	0	0.0177628692579293	0
CG294X1	0.1440902167812371	0	0.0001231269416166	0	NA	0	NA	0	20.760000000000005	0	0.1992892466834591	0
CSP1X1	0.9999999521789242	1	0.0556112602353096	0	NA	1	NA	1	51.55	1	0.1395133038186887	0
Calda1	4.3645413996883744e-24	0	3.357327500452812e-07	0	NA	0	NA	0	3.930000000000007	0	0.001865892334256	0
Calda2	6.877556767256113e-23	0	1.7826688463173923e-06	0	NA	0	NA	0	2.9099999999999966	0	0.0016301311975278	0
Caldit1	0.999998885443795	1	0.0025494010187685	0	NA	0	NA	0	52.51	1	0.1695888493569009	0
Caldit2	0.9999983055356126	1	0.2512640357017517	0	NA	1	NA	1	49.94	1	0.2769060233817281	0
Caldit3	0.974422679700376	1	4.591291599354008e-06	0	NA	1	NA	1	42.33	0	0.0242940690787857	0
Camp1	0.0009706695143122	0	0.0001938725472427	0	NA	0	NA	0	9.040000000000006	0	0.1796321228536173	0
Camp10	0.0006250009090256	0	7.70625774748e-05	0	NA	1	NA	1	5.049999999999997	0	0.110884211705551	0
Camp11	4.356917933762983e-07	0	1.27291086755e-05	0	NA	1	NA	1	5.909999999999997	0	0.1405024088112769	0
Camp12	7.059920277460792e-06	0	1.3895543816e-05	0	NA	1	NA	0	5.609999999999999	0	0.0568508457960701	0
Camp13	0.0008496134920436	0	2.89191320916e-05	0	NA	1	NA	1	6.590000000000003	0	0.1270746443656911	0
Camp14	0.0002865307467358	0	7.77337045292e-05	0	NA	1	NA	1	12.430000000000009	0	0.0503079947455975	0
Camp15	1.0054208730753082e-07	0	2.1976891275699018e-06	0	NA	1	NA	1	4.3700000000000045	0	0.0143651621579344	0
Camp16	0.001227846452738	0	0.0882343798875808	0	NA	1	NA	1	8.409999999999997	0	0.5509814241837547	1
Camp2	0.0055619501798447	0	0.0549431927502155	0	NA	1	NA	1	12.939999999999998	0	0.3494863290321768	0
Camp3	0.0001621474830564	0	0.00013393064728	0	NA	1	NA	1	13.689999999999998	0	0.3486472999615895	0
Camp4	0.998926878981469	1	0.0261943843215703	0	NA	1	NA	0	17.939999999999998	1	0.2941511129970897	0
Camp5	1.90784148615039e-08	0	8.782135410001501e-06	0	NA	1	NA	1	3.230000000000004	0	0.0535185840183166	0
Camp6	2.803132886649029e-12	0	7.013116487541994e-08	0	NA	0	NA	0	5.109999999999999	0	0.0072145695126582	0
Camp7	1.191170221100439e-23	0	2.1852144982403843e-06	0	NA	0	NA	0	2.230000000000004	0	0.0098997095565671	0
Camp9	1.5261504745172838e-16	0	8.100472115302183e-08	0	NA	0	NA	0	2.2900000000000063	0	0.0066728713643076	0
Chlo10	0.9999999981853182	1	0.950466811656952	1	NA	1	NA	1	75.52	1	0.9302350290258392	1
Chlo11	6.772192206191257e-12	0	2.54738351941e-05	0	NA	0	NA	0	14.870000000000005	0	0.0065949776648475	0
Chlo12	0.9999606345832712	1	0.6133157014846802	1	NA	1	NA	1	74.06	1	0.9669370172552556	1
Chlo13	0.9999998160662849	1	0.0271236188709735	0	NA	0	NA	1	35.53	1	0.5607101741397854	1
Chlo14	0.999999999922668	1	0.9094598293304444	1	NA	0	NA	0	57.52	1	0.5522729507584924	1
Chlo15	4.1742957697270576e-10	0	7.124865987861995e-06	0	NA	0	NA	0	8.239999999999995	0	0.0171081363938347	0
Chlo16	0.9987254560437352	1	0.0464914813637733	0	NA	0	NA	0	54.02	1	0.2458759179010369	0
Chlo17	0.9999999942043248	1	0.0899893566966056	0	NA	1	NA	1	52.69	1	0.0903789020066394	0
Chlo18	0.999999999941862	1	0.0157952029258012	0	NA	1	NA	1	63.33	1	0.3259995026564555	0
Chlo19	0.9999999999329466	1	0.9996015429496764	1	NA	1	NA	1	67.15	1	0.6582536038605629	1
Chlo20	1.770376735608718e-08	0	1.901254790936946e-06	0	NA	0	NA	0	17.540000000000006	0	0.0462802870081032	0
Chlo21	0.999999992254847	1	0.940963625907898	1	NA	1	NA	0	58.84	1	0.4544097754522164	0
Chlo22	0.5041440440217061	1	0.3532342314720154	0	NA	1	NA	1	47.04	1	0.1597799507782356	0
Chlo23	3.3466141900111434e-05	0	8.983959560282528e-06	0	NA	0	NA	0	25.840000000000003	0	0.0456858380594151	0
Chlo24	0.0399171645300792	0	3.955992724513635e-07	0	NA	1	NA	0	34.8	0	0.0845693465754418	0
Chlo25	0.999999999990025	1	0.9631099700927734	1	NA	0	NA	1	79.56	1	0.755999015184175	1
Chlo26	1.660001144434946e-09	0	1.3816313185e-05	0	NA	0	NA	0	14.86	0	0.0457013137430437	0
Chlo27	0.9999999986506044	1	0.9761886596679688	1	NA	1	NA	1	83.8	1	0.964251183081368	1
Chlo28	2.514254577528637e-05	0	3.18609704663686e-06	0	NA	0	NA	1	23.090000000000003	0	0.0071584610569641	0
Chlo29	0.498686876349288	0	6.142880010884255e-06	0	NA	0	NA	0	37.73	0	0.2605707437918029	0
Chlo30	0.9999999999983892	1	0.0056932442821562	0	NA	0	NA	1	40.3	0	0.3214428881940733	0
Chlo31	0.9999999999407312	1	0.9855141639709472	1	NA	1	NA	1	71.14	1	0.7402127505908996	1
Chlo32	0.9684195328948846	1	0.0868782326579094	0	NA	1	NA	1	69.59	1	0.7016186036490056	1
Chlo33	0.9999468916703068	1	0.0140778552740812	0	NA	1	NA	1	54.73	1	0.6273072557412499	1
Chlo34	0.9999999999952208	1	0.977330446243286	1	NA	1	NA	1	71.48	1	0.804891384027105	1
Chlo35	0.9999997682401688	1	0.4373306930065155	0	NA	1	NA	0	56.92	1	0.2206662394831245	0
Chlo36	0.9999998342274856	1	0.8723924160003662	1	NA	1	NA	1	64.82	1	0.794292008601135	1
Chlo37	0.9999976638776288	1	0.9104685187339784	1	NA	0	NA	0	55.53	1	0.4711071921478495	0
Chlo38	0.9999999967228346	1	0.9969549179077148	1	NA	1	NA	1	71.12	1	0.6416112211523072	1
Chlo39	2.6667699752400238e-11	0	8.374207027372904e-06	0	NA	0	NA	1	6.140000000000001	0	0.0058062330313644	0
Chlo4	0.9999999375865692	1	0.6022092700004578	1	NA	1	NA	0	67.08	1	0.1157509610226688	0
Chlo40	0.9999999973296148	1	0.1703783273696899	0	NA	0	NA	1	64.33	1	0.5879922296347373	1
Chlo41	1.324415680524892e-14	0	2.3596026039740536e-06	0	NA	0	NA	0	4.599999999999994	0	0.0205727569257406	0
Chlo42	0.9999999990914522	1	0.9994035959243774	1	NA	1	NA	1	74.03	1	0.8583480849323867	1
Chlo43	0.999998523211959	1	0.911657452583313	1	NA	1	NA	1	62.53	1	0.9473587435361276	1
Chlo44	0.9999998433373296	1	0.8520451784133911	1	NA	1	NA	1	58.07	1	0.7214318761083369	1
Chlo45	0.999999995830718	1	1.62551368703e-05	0	NA	1	NA	1	28.40000000000001	0	0.875408181032614	1
Chlo46	0.999999999987241	1	0.000281998043647	0	NA	1	NA	1	21.15000000000001	0	0.9833421304634566	1
Chlo47	0.9999999708307112	1	0.0214691087603569	0	NA	0	NA	1	59.4	1	0.6731925433319967	1
Chlo48	0.995835486917013	1	0.0043561714701354	0	NA	0	NA	1	42.14	0	0.7088382361459897	1
Chlo5	1.9789384681939946e-18	0	4.045956302434206e-06	0	NA	0	NA	0	8.049999999999997	0	0.0137239904122997	0
Chlo6	0.951970873418502	1	0.0001734200777718	0	NA	0	NA	0	44.52	1	0.0478291731709368	0
Chlo7	2.8194289891806094e-11	0	0.0013927328400313	0	NA	0	NA	0	13.900000000000006	0	0.0594962355015547	0
Chlo8	0.9999999995556844	1	0.8361208438873291	1	NA	1	NA	1	64.61	1	0.5600346024924682	1
Chlo9	1.5400866144869742e-09	0	1.6490910184074892e-06	0	NA	0	NA	0	15.730000000000004	0	0.088408383932495	0
Chry1	3.2448707890185693e-08	0	1.22624087453e-05	0	NA	0	NA	1	7.980000000000004	0	0.0065753368436384	0
Cloa1	1.5765588668746926e-20	0	1.1601459846133366e-06	0	NA	0	NA	0	3.280000000000001	0	0.001151352481655	0
Cyan1	1.1609946231833604e-14	0	1.51366093632e-05	0	NA	0	NA	1	9.700000000000005	0	0.0402267523901523	0
Cyan10	0.9999999919184832	1	0.9998313188552856	1	NA	1	NA	0	69.96	1	0.9261221108118828	1
Cyan11	0.9999991200052856	1	0.9871883392333984	1	NA	1	NA	1	47.22	1	0.5586518664468662	1
Cyan12	0.0384824879004588	0	0.6383309364318848	1	NA	0	NA	1	38.9	0	0.8150815529803219	1
Cyan13	7.62608294705233e-05	0	0.7204042673110962	1	NA	0	NA	1	22.849999999999994	0	0.6339485020175698	1
Cyan14	0.999999999425006	1	0.9978502988815308	1	NA	1	NA	1	49.76	1	0.8023271608490864	1
Cyan15	0.9999999859232632	1	0.999165654182434	1	NA	0	NA	1	54.85	1	0.6501595073276734	1
Cyan16	0.9999714038318984	1	0.9998737573623656	1	NA	1	NA	1	66.33	1	0.929578827009216	1
Cyan18	0.0424686095461154	0	0.6773970127105713	1	NA	0	NA	1	34.739999999999995	0	0.5625328342562685	1
Cyan19	0.999998112925056	1	0.9976454377174376	1	NA	1	NA	1	47.17	1	0.7110455455821671	1
Cyan2	0.9999997621950768	1	0.7049896717071533	1	NA	1	NA	1	54.7	1	0.3871175413031598	0
Cyan20	0.9999999954454984	1	0.9991784691810608	1	NA	1	NA	1	65.14	1	0.6636277365294563	1
Cyan21	0.9999999999743368	1	0.9999394416809082	1	NA	1	NA	1	54.99	1	0.8465271773861168	1
Cyan22	0.999999999977332	1	0.999929904937744	1	NA	1	NA	1	52.56	1	0.5671605905363903	1
Cyan23	0.999999999947078	1	0.9998341798782348	1	NA	1	NA	1	52.89	1	0.7317666521134202	1
Cyan24	0.999999994736798	1	0.9986409544944764	1	NA	1	NA	1	63.67	1	0.7587753772492272	1
Cyan25	0.9999999975753516	1	0.9989907145500184	1	NA	1	NA	1	50.11	1	0.4511124514376725	0
Cyan26	0.9999999999070464	1	0.9993494153022766	1	NA	1	NA	1	57.66	1	0.7832959303564737	1
Cyan27	0.9999999787814272	1	0.9766586422920228	1	NA	1	NA	1	48.95	1	0.5796573387839721	1
Cyan28	0.9999999708002272	1	0.9997616410255432	1	NA	1	NA	1	54.27	1	0.6972662087273319	1
Cyan29	0.9999999998727972	1	0.9998430013656616	1	NA	1	NA	1	65.41	1	0.8207637648129573	1
Cyan3	0.9999999999993372	1	0.9999622106552124	1	NA	1	NA	1	58.83	1	0.951149546332338	1
Cyan30	0.9999999925217736	1	0.9975033402442932	1	NA	1	NA	1	57.27	1	0.7444918208577317	1
Cyan31	0.9999999998985692	1	0.9999563694000244	1	NA	1	NA	1	56.81	1	0.8288993428157703	1
Cyan32	0.9999999993847496	1	0.9988881945610046	1	NA	1	NA	1	58.01	1	0.8339359601130458	1
Cyan33	0.9999999997044624	1	0.9999682903289796	1	NA	1	NA	1	65.55	1	0.9644705454744922	1
Cyan34	0.9999999779697676	1	0.9994751811027528	1	NA	1	NA	1	50.27	1	0.9348105275301528	1
Cyan35	0.9999999960948508	1	0.999806821346283	1	NA	1	NA	1	65.15	1	0.8493383164339052	1
Cyan36	0.9999999994941082	1	0.9989516735076904	1	NA	1	NA	1	53.39	1	0.6927106080991958	1
Cyan37	0.9999999994648096	1	0.9982748031616212	1	NA	1	NA	1	60.93	1	0.7672242698453932	1
Cyan38	0.9999977995821652	1	0.9961646795272828	1	NA	1	NA	1	50.52	1	0.5624748936075071	1
Cyan4	1.5377187943002302e-17	0	0.0006125149084255	0	NA	0	NA	1	4.540000000000006	0	0.0240513078576077	0
Cyan40	0.9999999970438151	1	0.9938894510269164	1	NA	1	NA	0	58.2	1	0.7022539119347667	1
Cyan41	0.9999999999534136	1	0.9994879961013794	1	NA	1	NA	1	48.89	1	0.8736614882299837	1
Cyan42	0.9999999353110162	1	0.99937903881073	1	NA	1	NA	1	53.7	1	0.5178225535857238	1
Cyan43	0.999138183976227	1	0.999363124370575	1	NA	1	NA	1	43.9	1	0.7368996173122219	1
Cyan44	0.9999999991372026	1	0.9998500347137452	1	NA	1	NA	1	46.31	1	0.7240011822327009	1
Cyan45	0.9999999999649716	1	0.9992689490318298	1	NA	1	NA	1	56.96	1	0.723289787358883	1
Cyan46	0.9999999999683642	1	0.9996898174285888	1	NA	1	NA	1	51.85	1	0.9289919748858452	1
Cyan47	0.9999999999844998	1	0.999847650527954	1	NA	1	NA	1	49.41	1	0.7240011822327009	1
Cyan7	0.999999954165064	1	0.9960997104644777	1	NA	0	NA	1	66.62	1	0.8016187080754674	1
Cyan8	0.8047242144240792	1	0.9948074221611024	1	NA	0	NA	1	57.49	1	0.4272696104897887	0
Cyan9	5.761585078801186e-20	0	0.0010109406430274	0	NA	0	NA	1	2.6899999999999977	0	0.013726430616265	0
DTU0X1	7.370307475398353e-26	0	1.473169248811246e-07	0	NA	0	NA	0	2.7900000000000063	0	0.0062517594983471	0
Defe1	3.1029016302280513e-08	0	1.3217351124694687e-06	0	NA	0	NA	0	2.9599999999999937	0	0.0098094227939386	0
Defe2	3.879513045783425e-16	0	2.684663797936082e-07	0	NA	0	NA	0	3.700000000000003	0	0.0070307714266018	0
Defe3	1.2225786478422754e-17	0	2.308261173311621e-07	0	NA	0	NA	0	7.510000000000005	0	0.0079912081872429	0
Dein1	0.996797876605091	1	0.9602269530296326	1	NA	0	NA	0	36.32	1	0.1260515022322043	0
Dein2	0.9999999999881256	1	0.9990168809890748	1	NA	1	NA	1	88.73	1	0.9793660815286318	1
Dein3	0.9999999999957482	1	0.9985887408256532	1	NA	0	NA	0	84.49	1	0.9861091537693673	1
Dein4	0.999999999998394	1	0.9995856881141664	1	NA	0	NA	1	89.97	1	0.9307620444062704	1
Dein5	0.9996364663198204	1	0.9993953704833984	1	NA	1	NA	1	69.37	1	0.8771643911541447	1
Dein6	0.9999999998229429	1	0.9991821646690368	1	NA	0	NA	0	89.78	1	0.9615162719409212	1
Dein7	0.9999976345506604	1	0.9960467219352722	1	NA	0	NA	0	73.34	1	0.7903045236869203	1
Desa1	2.251240908150143e-17	0	1.8164892026106827e-06	0	NA	0	NA	1	6.530000000000001	0	0.0426432134880692	0
DesuB1	0.9999999999989292	1	0.9317309856414796	1	NA	1	NA	1	63.87	1	0.4360623246392532	0
DesuB2	0.9999999320646088	1	0.9690222144126892	1	NA	1	NA	1	71.03	1	0.396162158100779	0
DesuB3	0.9999999980534622	1	0.8124485015869141	1	NA	1	NA	1	58.53	1	0.3677483561184435	0
DesuB4	0.999999999880032	1	0.8650944232940674	1	NA	1	NA	1	60.33	1	0.4109997101627393	0
DesuC1	1.1326216026521624e-12	0	1.7774809748516418e-06	0	NA	0	NA	1	5.540000000000006	0	0.0032988534606002	0
DesuC2	2.58513067699286e-09	0	1.987006754688992e-07	0	NA	0	NA	1	6.650000000000006	0	0.0036481787101241	0
DesuD1	0.9999999998302982	1	0.8580511212348938	1	NA	1	NA	1	65.27	1	0.4279013192437492	0
DesuD2	0.999999971794202	1	0.982654869556427	1	NA	1	NA	1	70.26	1	0.4480815768050289	0
Desua1	8.305183667972304e-18	0	1.733789218860693e-07	0	NA	0	NA	0	2.1500000000000057	0	0.0070932428482118	0
Desua10	1.483928486532809e-09	0	3.0462473432635306e-08	0	NA	0	NA	0	10.019999999999996	0	0.0062340433754739	0
Desua11	2.103273918431652e-10	0	1.902521233887456e-07	0	NA	0	NA	0	9.97	0	0.0051227835980653	0
Desua12	3.13443850787556e-06	0	7.15953092367272e-08	0	NA	1	NA	0	7.359999999999999	0	0.0166738322131947	0
Desua13	1.0343537326457284e-09	0	5.003728631436388e-08	0	NA	0	NA	0	9.959999999999994	0	0.0051227835980653	0
Desua14	3.1705436120055225e-12	0	1.028423142201973e-07	0	NA	0	NA	0	2.4000000000000057	0	0.0100474817748632	0
Desua15	1.5904077324635915e-08	0	2.71329063252e-05	0	NA	0	NA	0	15.519999999999996	0	0.0170679274659603	0
Desua16	8.067557780534334e-09	0	0.0001433730212738	0	NA	0	NA	1	11.409999999999997	0	0.0268341827272611	0
Desua17	0.0002263721916537	0	0.0001118050131481	0	NA	0	NA	0	10.519999999999996	0	0.0488283434239553	0
Desua18	9.844002538286678e-09	0	6.77140487823e-05	0	NA	0	NA	0	12.400000000000006	0	0.0400620847703792	0
Desua19	9.96423147331982e-16	0	2.0392564081817e-08	0	NA	1	NA	1	26.39	0	0.0272048980896227	0
Desua2	7.507519358359936e-10	0	3.307112024231174e-07	0	NA	0	NA	1	9.75	0	0.0067387948107075	0
Desua20	1.476113270695063e-15	0	2.47331087166458e-07	0	NA	0	NA	0	8.040000000000006	0	0.0023726943914133	0
Desua21	2.3986327366609557e-10	0	4.693898972618626e-06	0	NA	0	NA	0	4.930000000000007	0	0.0184650786309542	0
Desua22	1.9640873216704924e-10	0	1.2635465509447386e-06	0	NA	0	NA	0	14.489999999999997	0	0.0049152514891316	0
Desua23	1.5751684401360378e-08	0	1.399085249431664e-06	0	NA	0	NA	0	9.040000000000006	0	0.0117126156539216	0
Desua24	2.7390807736695245e-10	0	4.20819087594e-05	0	NA	0	NA	0	16.379999999999995	0	0.0226460518195607	0
Desua25	0.002664774645018	0	5.284880444378359e-08	0	NA	0	NA	0	12.14	0	0.0135740106832475	0
Desua26	2.112005278434921e-10	0	2.7604960450844374e-07	0	NA	0	NA	0	8.840000000000003	0	0.0072691995861846	0
Desua27	2.4082635656251585e-08	0	1.3575784123531776e-06	0	NA	0	NA	0	10.879999999999995	0	0.0099079873178887	0
Desua28	0.0033805472477446	0	1.8491145965526808e-06	0	NA	1	NA	0	17.450000000000003	0	0.0239500672743129	0
Desua29	0.9121165674005928	1	2.1247274162305985e-06	0	NA	0	NA	1	27.66	0	0.0573569636025389	0
Desua3	7.662586380664506e-19	0	7.167729165757919e-08	0	NA	0	NA	0	4.010000000000005	0	0.0037921697979244	0
Desua30	4.5351127121338745e-08	0	2.4360713268833933e-07	0	NA	1	NA	0	8.239999999999995	0	0.0228449864432948	0
Desua31	4.284213772850029e-10	0	1.5130889607917197e-07	0	NA	0	NA	0	12.060000000000002	0	0.0165510211728187	0
Desua32	5.4907120328930015e-16	0	3.688586787120585e-07	0	NA	0	NA	1	0.4899999999999949	0	0.006688959246401	0
Desua33	1.8206014183612472e-10	0	2.1041924469500373e-07	0	NA	1	NA	0	2.2900000000000063	0	0.0049780391833883	0
Desua34	8.680770025851803e-14	0	7.533553514349478e-08	0	NA	0	NA	0	2.450000000000003	0	0.0031296202415405	0
Desua35	0.0005720951381035	0	2.60890610661e-05	0	NA	1	NA	0	27.709999999999997	0	0.1064765739712559	0
Desua36	0.5538228559121217	1	1.062089836523228e-06	0	NA	1	NA	1	28.05	0	0.1295998542756101	0
Desua37	0.0003073200084691	0	4.715147497336147e-06	0	NA	0	NA	0	5.8700000000000045	0	0.0253294072471393	0
Desua38	7.224476716688364e-10	0	3.688889137265505e-06	0	NA	0	NA	1	11.86	0	0.0842952755346726	0
Desua39	0.0169510407174905	0	1.06973247966e-05	0	NA	0	NA	0	12.829999999999998	0	0.0842952755346726	0
Desua4	1.996066635452776e-15	0	6.724924332957016e-06	0	NA	0	NA	0	3.569999999999993	0	0.0950558214985218	0
Desua40	1.62211843449375e-17	0	1.4101665612997747e-08	0	NA	0	NA	1	4.950000000000003	0	0.0073978950966436	0
Desua41	0.2510888760497846	0	4.443150373845128e-06	0	NA	0	NA	0	12.239999999999997	0	0.0303487137471743	0
Desua42	8.117500511436342e-14	0	4.3932189441875387e-08	0	NA	0	NA	1	2.530000000000001	0	0.0038449626315957	0
Desua43	0.0033322998244414	0	9.277181334255148e-08	0	NA	1	NA	0	6.25	0	0.0034350959638953	0
Desua44	1.6818409386541597e-12	0	1.4961464955831616e-08	0	NA	0	NA	0	7.019999999999996	0	0.0266802131363567	0
Desua45	1.25835881803594e-19	0	3.336398890496639e-07	0	NA	0	NA	1	0.3799999999999954	0	0.0035953785779564	0
Desua46	3.488680095660323e-13	0	1.2889080025502151e-08	0	NA	0	NA	0	7.010000000000005	0	0.003135759048716	0
Desua47	0.1143455437316616	0	1.7883000680285477e-07	0	NA	0	NA	1	7.560000000000002	0	0.019575992147934	0
Desua48	4.228390141369839e-09	0	1.1342341110776033e-07	0	NA	0	NA	0	2.569999999999993	0	0.0120322714534229	0
Desua49	6.698339937571521e-14	0	4.075333436048823e-06	0	NA	0	NA	0	5.159999999999997	0	0.0042597923161625	0
Desua5	1.3130910017672855e-05	0	7.338627256103791e-06	0	NA	0	NA	0	18.459999999999997	0	0.014980241028666	0
Desua50	5.545709115071723e-10	0	7.047538019833155e-08	0	NA	0	NA	0	1.0799999999999983	0	0.0048912902612754	0
Desua51	0.0635902549447255	0	1.1455532558102275e-06	0	NA	0	NA	0	4.019999999999996	0	0.0207193196500524	0
Desua52	1.0087578926091345e-07	0	3.014509530885334e-08	0	NA	1	NA	0	7.049999999999997	0	0.0030037512734192	0
Desua53	0.9380456887763572	1	1.714652285045304e-06	0	NA	0	NA	0	9.590000000000003	0	0.0351991286351878	0
Desua54	2.315033841826048e-16	0	5.65528956997241e-08	0	NA	0	NA	1	2.450000000000003	0	0.0018008287721539	0
Desua6	1.1016263023652345e-07	0	6.513894732051995e-06	0	NA	1	NA	0	23.489999999999995	0	0.0812742775454461	0
Desua7	2.175400363679956e-07	0	1.7344241598493684e-07	0	NA	0	NA	0	17.120000000000005	0	0.0100793785667814	0
Desua8	1.2336755837726856e-07	0	8.61555946585213e-08	0	NA	0	NA	0	19.180000000000007	0	0.0099441453170068	0
Desua9	0.625332955403065	1	0.000239957604208	0	NA	0	NA	0	14.310000000000002	0	0.0743409644554109	0
Dict1	6.838577569890195e-23	0	2.00053068510897e-06	0	NA	0	NA	0	4.010000000000005	0	0.0032512298045139	0
Dorm1	0.9999999973284716	1	0.9972357153892516	1	NA	0	NA	1	69.6	1	0.8979983569735165	1
Dorm2	0.9999999999467472	1	0.99891996383667	1	NA	1	NA	1	73.0	1	0.9545323119957934	1
Dorm3	0.9999922398339502	1	0.9993653893470764	1	NA	0	NA	1	69.85	1	0.3839536692566234	0
Dorm4	0.999999998494942	1	0.9934738278388976	1	NA	1	NA	1	66.24	1	0.9545323119957934	1
Dorm5	0.9999999987157138	1	0.993154764175415	1	NA	1	NA	1	73.73	1	0.9678982381347968	1
Edwa1	3.0226232469755365e-15	0	1.816766371121048e-06	0	NA	0	NA	0	6.760000000000005	0	0.0018338795841164	0
Eise1	0.9999977225036898	1	0.4223766326904297	0	NA	1	NA	0	53.42	1	0.6033285231915841	1
Eise2	0.9999987153626444	1	0.991609275341034	1	NA	0	NA	0	69.05	1	0.7242084966647274	1
Eise3	0.999999995488537	1	0.9831566214561462	1	NA	0	NA	0	63.97	1	0.6115041432135694	1
Eise4	0.9999982983560092	1	0.0999010279774665	0	NA	1	NA	1	49.4	1	0.1071926449622286	0
Elus1	6.6398708075026695e-18	0	5.611473625322105e-06	0	NA	0	NA	0	4.159999999999997	0	0.002903500397831	0
Elus10	1.3819202853767714e-10	0	1.03753882285e-05	0	NA	0	NA	1	13.200000000000005	0	0.0036814887484983	0
Elus2	9.769845943617648e-15	0	7.414086212520488e-06	0	NA	0	NA	1	4.680000000000007	0	0.0113457415619909	0
Elus3	0.9999999998095376	1	0.9134868383407592	1	NA	0	NA	1	61.1	1	0.57864569529663	1
Elus4	0.7784857957042107	1	0.1402624398469925	0	NA	1	NA	0	31.42	0	0.5833576047403125	1
Elus5	8.736593422384818e-17	0	1.9850042463076534e-06	0	NA	0	NA	1	4.659999999999997	0	0.0133959624914711	0
Elus6	0.7909119367878421	1	0.0495063662528991	0	NA	0	NA	0	37.58	0	0.4197779672299445	0
Elus7	1.0084433427138072e-15	0	1.18217221825e-05	0	NA	0	NA	0	3.1500000000000057	0	0.0036811516828049	0
Elus8	0.0629541466632989	0	6.281720288825454e-06	0	NA	0	NA	1	18.81	0	0.0512393652862866	0
Elus9	6.157752169077683e-14	0	1.95525499293e-05	0	NA	0	NA	1	5.859999999999999	0	0.0034539711225729	0
Erem2	6.197969620396008e-15	0	0.0001693671365501	0	NA	0	NA	1	8.290000000000006	0	0.0072828211724148	0
Erem3	0.9999999997519567	1	0.996912717819214	1	NA	0	NA	1	67.31	1	0.8659562631716861	1
Erem4	0.9999999708273494	1	0.9949415326118468	1	NA	1	NA	1	66.74	1	0.6577792171529168	1
Erem5	0.999999996954215	1	0.9919098019599916	1	NA	1	NA	1	75.76	1	0.6577792171529168	1
Erem6	0.9999999999995344	1	0.9994056224822998	1	NA	0	NA	1	72.21	1	0.5647643443263142	1
FCPU1	0.9999999994444364	1	0.3393154442310333	0	NA	0	NA	1	48.17	1	0.2185980296081591	0
FCPU2	0.9999999993448035	1	0.4051584601402282	0	NA	0	NA	1	53.78	1	0.3672984779625924	0
Ferm1	6.398324512124985e-17	0	2.34400449699e-05	0	NA	0	NA	0	3.6899999999999977	0	0.0157639906797243	0
Fibr1	1.191170221100439e-23	0	2.1852144982403843e-06	0	NA	0	NA	0	2.230000000000004	0	0.0098997095565671	0
Fibr2	5.667130087796672e-09	0	1.98121942958e-05	0	NA	0	NA	0	10.519999999999996	0	0.0016602548361769	0
Fibr3	5.2557793077820944e-14	0	1.231847022609145e-06	0	NA	0	NA	0	8.590000000000003	0	0.0071114658090742	0
Fibr4	1.1060597463389408e-05	0	3.942438127069181e-07	0	NA	0	NA	0	11.329999999999998	0	0.0042130163052236	0
Fibr5	1.1537117712444736e-10	0	2.128849018845358e-06	0	NA	0	NA	0	15.040000000000006	0	0.0402767171576568	0
Fibr6	1.870275372904437e-14	0	4.66327073809e-05	0	NA	0	NA	1	8.180000000000007	0	0.0176905017262789	0
Fire1	1.0031292027468338e-08	0	3.0061983125051484e-06	0	NA	0	NA	0	5.859999999999999	0	0.0030673627402108	0
FirmA1	2.665550203105063e-24	0	3.818027380475542e-06	0	NA	0	NA	0	0.7099999999999937	0	0.00436128630299	0
FirmA10	3.270309399922485e-23	0	9.201884836329556e-07	0	NA	0	NA	0	2.480000000000004	0	0.0089360866198068	0
FirmA100	1.8720911146316381e-22	0	2.978616748805507e-06	0	NA	0	NA	1	2.9000000000000057	0	0.0093880928436022	0
FirmA101	1.8130680767687952e-23	0	9.150178215122653e-08	0	NA	0	NA	0	4.010000000000005	0	0.0014000649343247	0
FirmA102	9.880630230389341e-24	0	5.701134497826389e-08	0	NA	0	NA	0	0.2600000000000051	0	0.0042149133966618	0
FirmA103	7.729290858694663e-26	0	1.5455342463610575e-06	0	NA	0	NA	0	0.4899999999999949	0	0.0057392031308563	0
FirmA104	1.90393035964987e-26	0	2.1693242757692133e-08	0	NA	0	NA	0	1.269999999999996	0	0.0065573946569687	0
FirmA105	6.12579900633577e-23	0	6.385228630279016e-07	0	NA	0	NA	0	1.2800000000000011	0	0.0331568535389504	0
FirmA106	4.600153761374872e-24	0	8.284979458039743e-07	0	NA	0	NA	0	0.2900000000000062	0	0.0313982036617794	0
FirmA107	4.701989953844921e-21	0	5.602649011393625e-08	0	NA	0	NA	0	1.7999999999999972	0	0.0069872677448307	0
FirmA108	4.6419216983252704e-24	0	5.263262181642858e-08	0	NA	0	NA	0	0.8900000000000006	0	0.0027256991886975	0
FirmA109	4.080011078145628e-26	0	2.9633647500304505e-06	0	NA	0	NA	0	0.6200000000000045	0	0.0021516479554833	0
FirmA11	2.797704800999724e-25	0	2.035113055853799e-07	0	NA	0	NA	1	0.8499999999999943	0	0.004885137126998	0
FirmA110	7.024048257490857e-20	0	2.425063712507836e-06	0	NA	0	NA	0	1.7099999999999935	0	0.0331568535389504	0
FirmA111	5.281650878875623e-25	0	3.17978745556502e-08	0	NA	0	NA	0	0.519999999999996	0	0.0017072772595688	0
FirmA112	3.901405054057909e-20	0	1.5233689509841497e-07	0	NA	0	NA	0	0.2800000000000011	0	0.0034901014637973	0
FirmA113	1.6433357790485222e-21	0	0.0004072129086125	0	NA	0	NA	0	4.680000000000007	0	0.0728928640089819	0
FirmA114	1.0564085777164168e-22	0	3.7733268527517794e-06	0	NA	0	NA	0	0.3499999999999943	0	0.0071437582875863	0
FirmA12	2.4713187348671688e-22	0	4.609731604432454e-06	0	NA	0	NA	0	1.6700000000000017	0	0.0028107265322417	0
FirmA14	1.4789312278395972e-18	0	9.051186111719289e-08	0	NA	0	NA	0	2.489999999999995	0	0.0149407703181508	0
FirmA16	4.864590979900721e-28	0	7.027315405139234e-07	0	NA	0	NA	0	1.9399999999999975	0	0.0066205203750277	0
FirmA18	2.1110640750136767e-20	0	3.623938482633093e-06	0	NA	0	NA	0	8.909999999999997	0	0.0029552056813805	0
FirmA19	2.910281566885155e-17	0	2.533250835767831e-07	0	NA	0	NA	0	4.930000000000007	0	0.0033972337540192	0
FirmA2	1.4032506544186285e-18	0	3.87552718166e-05	0	NA	0	NA	1	1.6299999999999957	0	0.0158408308807548	0
FirmA20	4.370279989292436e-16	0	0.0122009012848138	0	NA	0	NA	1	3.9599999999999937	0	0.3032236785738177	0
FirmA21	1.4676123745108628e-21	0	2.1003872063829482e-07	0	NA	0	NA	1	1.4300000000000068	0	0.0012257873063691	0
FirmA24	2.860685833053904e-20	0	8.91423624125e-05	0	NA	0	NA	0	2.75	0	0.0326578635149263	0
FirmA25	3.194425413546106e-18	0	2.2522091569499025e-07	0	NA	0	NA	1	1.6800000000000068	0	0.0069872677448307	0
FirmA26	6.486482214638877e-22	0	7.61562716888875e-07	0	NA	0	NA	0	0.730000000000004	0	0.0037196495811841	0
FirmA27	1.783202203777234e-16	0	1.0590545116428984e-06	0	NA	0	NA	0	4.010000000000005	0	0.0081569546991788	0
FirmA28	7.755195498734154e-22	0	4.071079729328631e-06	0	NA	0	NA	0	1.0999999999999943	0	0.0069180101503057	0
FirmA29	1.756535804787499e-18	0	0.0106415059417486	0	NA	0	NA	0	6.819999999999993	0	0.0434791069788305	0
FirmA30	5.980067917367879e-26	0	5.56968927867274e-07	0	NA	0	NA	0	1.7000000000000028	0	0.0069872677448307	0
FirmA31	5.943079489503705e-22	0	3.906188226210361e-07	0	NA	0	NA	0	2.6099999999999994	0	0.0045787270628855	0
FirmA32	7.058853543184795e-24	0	1.0570570907475485e-07	0	NA	0	NA	0	1.4399999999999975	0	0.0023086321323924	0
FirmA33	9.061100517120094e-23	0	1.342055270470155e-06	0	NA	0	NA	0	2.430000000000007	0	0.0064227500444063	0
FirmA34	2.199097636624526e-19	0	1.0755418600183476e-07	0	NA	0	NA	0	4.700000000000003	0	0.0022606000452735	0
FirmA35	4.435919510352081e-25	0	2.992489100961393e-07	0	NA	0	NA	0	1.3100000000000025	0	0.002936070079069	0
FirmA36	7.192605866554907e-22	0	7.76454689912e-05	0	NA	0	NA	0	1.9599999999999935	0	0.0072821940664629	0
FirmA37	2.74135795982457e-24	0	1.426291760253662e-07	0	NA	0	NA	0	0.5400000000000063	0	0.0039631405622062	0
FirmA38	1.8810627062850406e-20	0	3.3966166768095725e-08	0	NA	0	NA	0	2.010000000000005	0	0.0012257873063691	0
FirmA39	1.626882415837846e-18	0	1.4129993530787033e-07	0	NA	0	NA	0	1.269999999999996	0	0.0009621390107233	0
FirmA40	4.103673261900075e-22	0	1.35934515128e-05	0	NA	0	NA	0	2.010000000000005	0	0.0034539711225729	0
FirmA41	2.4761512295810936e-24	0	1.913254408236753e-07	0	NA	0	NA	0	1.5699999999999932	0	0.0027407699135019	0
FirmA42	2.773543491147992e-18	0	2.0772013158421032e-06	0	NA	0	NA	0	1.0999999999999943	0	0.0619505373408601	0
FirmA43	1.1096285861993016e-17	0	3.141244064863713e-07	0	NA	0	NA	0	3.7099999999999937	0	0.0017835008111679	0
FirmA44	9.512730924554144e-26	0	3.622442363848677e-06	0	NA	0	NA	0	0.9099999999999966	0	0.0035791157078869	0
FirmA45	4.180871537114046e-20	0	2.075732027151389e-06	0	NA	0	NA	0	1.7800000000000011	0	0.0054633476895758	0
FirmA46	3.8916760654180756e-26	0	1.704584406070353e-06	0	NA	0	NA	0	1.5300000000000011	0	0.0188066900094124	0
FirmA47	2.3462482967207424e-16	0	4.066058863827493e-06	0	NA	0	NA	1	6.390000000000001	0	0.0163005378974125	0
FirmA48	6.83333052917741e-26	0	7.616600896653836e-07	0	NA	0	NA	0	1.269999999999996	0	0.0035791157078869	0
FirmA49	1.0100192800056352e-23	0	4.635971890820656e-06	0	NA	0	NA	0	2.730000000000004	0	0.0029051182290387	0
FirmA5	1.1500334659082648e-24	0	2.369815348401972e-07	0	NA	0	NA	0	1.4599999999999935	0	0.0020186687534078	0
FirmA50	1.4039039157571591e-16	0	1.7342866840408533e-06	0	NA	0	NA	0	1.6899999999999975	0	0.0037196495811841	0
FirmA51	1.040053286105172e-20	0	0.0008560943533666	0	NA	0	NA	0	6.689999999999998	0	0.0298830166748342	0
FirmA52	1.5214719338628594e-18	0	8.147982555328782e-08	0	NA	0	NA	1	2.450000000000003	0	0.0035558868802204	0
FirmA53	1.80079665367979e-24	0	1.3671144927229761e-07	0	NA	0	NA	0	1.3799999999999957	0	0.0042963919277296	0
FirmA54	5.6968904084451925e-24	0	6.53375238357512e-08	0	NA	0	NA	0	1.0699999999999932	0	0.0020186687534078	0
FirmA55	6.021273373218589e-24	0	4.149723736190936e-06	0	NA	0	NA	0	1.5999999999999943	0	0.0069901219787438	0
FirmA56	2.425245879022659e-22	0	4.993984816792363e-07	0	NA	0	NA	1	1.4399999999999975	0	0.0224542877931922	0
FirmA57	2.0133174370215364e-25	0	5.514241934179154e-07	0	NA	0	NA	0	0.7199999999999989	0	0.0027256991886975	0
FirmA58	6.5048480818532764e-21	0	7.177735596997081e-07	0	NA	0	NA	0	4.609999999999999	0	0.0058863620054519	0
FirmA59	1.5496318209680255e-25	0	7.849644134694245e-07	0	NA	0	NA	0	0.6099999999999994	0	0.0012257873063691	0
FirmA6	2.2804084413459855e-22	0	2.024688257051821e-07	0	NA	0	NA	0	2.9599999999999937	0	0.0030270246796374	0
FirmA60	1.5073030939867034e-22	0	1.2768288115694304e-06	0	NA	0	NA	0	3.870000000000005	0	0.0026010492383672	0
FirmA61	1.0696899834767851e-22	0	5.026383860240458e-06	0	NA	0	NA	0	1.3700000000000043	0	0.0127195602748603	0
FirmA62	7.308961079987517e-17	0	2.376714519414236e-06	0	NA	0	NA	0	4.079999999999998	0	0.0015847542504424	0
FirmA63	7.00910835028355e-21	0	1.01667383205e-05	0	NA	0	NA	0	2.1200000000000045	0	0.0201783075376104	0
FirmA64	7.468581550083721e-25	0	3.061043571506161e-06	0	NA	0	NA	0	1.5499999999999972	0	0.0044217063501723	0
FirmA65	1.638753749717957e-23	0	2.841736659320304e-07	0	NA	0	NA	0	1.3599999999999994	0	0.0041701064620295	0
FirmA66	1.9325618420296e-24	0	1.13119031084e-05	0	NA	0	NA	0	1.2900000000000065	0	0.0186034577470831	0
FirmA67	3.722441725830852e-19	0	6.118874011917796e-07	0	NA	0	NA	0	1.6800000000000068	0	0.0047820900334886	0
FirmA68	1.835011391808039e-23	0	5.581306936619512e-07	0	NA	0	NA	0	1.0499999999999972	0	0.0136078970317288	0
FirmA69	9.850351141331377e-22	0	1.5251657714543398e-06	0	NA	0	NA	0	4.019999999999996	0	0.0213975685225545	0
FirmA7	3.5477228076389936e-15	0	4.289566277293488e-06	0	NA	0	NA	0	4.650000000000006	0	0.0028107265322417	0
FirmA70	8.323333915259106e-22	0	8.452245765511179e-07	0	NA	0	NA	0	1.25	0	0.003149684264308	0
FirmA71	5.3301847611676764e-21	0	2.024560927793573e-07	0	NA	0	NA	0	2.390000000000001	0	0.0107617840023748	0
FirmA72	1.191170221100439e-23	0	2.1852144982403843e-06	0	NA	0	NA	0	2.230000000000004	0	0.0098997095565671	0
FirmA73	4.738033828692981e-24	0	1.0239015182378353e-06	0	NA	0	NA	0	0.9500000000000028	0	0.0200233863320744	0
FirmA74	7.18328386157143e-22	0	1.1210882888690321e-07	0	NA	0	NA	0	1.2999999999999972	0	0.0048761924200614	0
FirmA75	2.81775130787569e-21	0	1.15442853712e-05	0	NA	0	NA	0	1.1200000000000043	0	0.011464097210132	0
FirmA76	5.1762745953723624e-24	0	2.079240857710829e-06	0	NA	0	NA	0	0.3499999999999943	0	0.0051550234759576	0
FirmA77	3.509909142984657e-21	0	2.729217385422089e-06	0	NA	0	NA	0	1.6400000000000006	0	0.0027256991886975	0
FirmA78	1.0524107681801496e-16	0	3.53681821252394e-06	0	NA	0	NA	0	4.969999999999999	0	0.0041431368014021	0
FirmA79	7.448899268554342e-22	0	1.6814429955047672e-06	0	NA	0	NA	0	1.8799999999999957	0	0.0015847542504424	0
FirmA8	1.45493491616709e-21	0	0.0008591195219196	0	NA	0	NA	0	5.920000000000002	0	0.1105721325049122	0
FirmA80	1.257017634819977e-20	0	4.827883913094411e-06	0	NA	0	NA	1	2.799999999999997	0	0.0026470756398837	0
FirmA81	6.260785097379843e-22	0	3.341519345667621e-07	0	NA	0	NA	0	2.780000000000001	0	0.0029552056813805	0
FirmA83	1.0437951005914148e-23	0	1.497626158197818e-06	0	NA	0	NA	0	1.269999999999996	0	0.0167161150283998	0
FirmA84	1.2505563255724392e-25	0	5.143065209267661e-07	0	NA	0	NA	0	0.8900000000000006	0	0.0054633476895758	0
FirmA85	2.2912286766083983e-20	0	1.4773872862861026e-06	0	NA	0	NA	0	5.629999999999996	0	0.0024501564863151	0
FirmA86	1.6584376959127035e-25	0	6.164029400679283e-06	0	NA	0	NA	1	2.9399999999999977	0	0.0069872677448307	0
FirmA87	3.432886275060478e-20	0	5.3572630775988734e-08	0	NA	0	NA	1	0.9099999999999966	0	0.0026470756398837	0
FirmA88	1.7394854397273947e-21	0	3.017362715240779e-08	0	NA	0	NA	0	0.9399999999999976	0	0.0017072772595688	0
FirmA89	1.257096137211253e-22	0	9.06136574485572e-06	0	NA	0	NA	0	2.640000000000001	0	0.0107252307027074	0
FirmA9	4.302280853855609e-23	0	0.0011802910594269	0	NA	0	NA	0	1.9099999999999968	0	0.010276665091638	0
FirmA90	1.2961817863164598e-22	0	3.458540049905423e-07	0	NA	0	NA	0	5.840000000000003	0	0.0089360866198068	0
FirmA91	1.5685018331283988e-19	0	5.137996339499296e-08	0	NA	0	NA	0	2.9599999999999937	0	0.0054752584525185	0
FirmA92	4.285205099932716e-23	0	4.042783245949977e-07	0	NA	0	NA	0	0.4699999999999988	0	0.0017835008111679	0
FirmA93	1.2461493756226563e-25	0	8.341776833731274e-07	0	NA	0	NA	0	1.4000000000000057	0	0.0021866968478042	0
FirmA94	4.2604049025585977e-19	0	3.325028728795587e-06	0	NA	0	NA	0	0.6899999999999977	0	0.0016868396627185	0
FirmA95	3.829644359721634e-24	0	1.7201095658947454e-07	0	NA	0	NA	0	1.1700000000000017	0	0.0062110062268446	0
FirmA96	4.2577927512289484e-16	0	4.153732220402162e-07	0	NA	0	NA	0	2.6099999999999994	0	0.0009621390107233	0
FirmA97	2.0066388654072e-25	0	1.8296225334779592e-06	0	NA	0	NA	0	2.75	0	0.018186891605324	0
FirmA98	5.980824073376674e-22	0	1.638045205254457e-06	0	NA	0	NA	0	0.3700000000000045	0	0.0115569494676382	0
FirmA99	1.2222671775427503e-16	0	4.389115133562882e-07	0	NA	0	NA	0	1.6200000000000043	0	0.0037992705510499	0
FirmB1	4.669903791582054e-15	0	1.954412255145144e-06	0	NA	0	NA	1	14.730000000000004	0	0.009570321084968	0
FirmB10	9.96248295452578e-18	0	9.741949469344037e-08	0	NA	0	NA	0	3.260000000000005	0	0.0081569546991788	0
FirmB11	1.3887428908004038e-12	0	1.686836526459956e-06	0	NA	0	NA	0	3.1599999999999966	0	0.004342943222831	0
FirmB12	6.155891457870904e-21	0	5.6425434991069785e-08	0	NA	0	NA	0	2.1700000000000017	0	0.0053951837986468	0
FirmB13	1.617645158640544e-16	0	1.5890778968241648e-06	0	NA	0	NA	0	2.1500000000000057	0	0.0060498466146041	0
FirmB14	3.2834460473195675e-20	0	7.786217679495167e-07	0	NA	0	NA	0	3.069999999999993	0	0.00436128630299	0
FirmB15	2.644420561535475e-20	0	9.4488328272746e-08	0	NA	0	NA	0	4.180000000000007	0	0.002936070079069	0
FirmB16	9.51809659586484e-19	0	1.7206575364525636e-07	0	NA	0	NA	1	3.5400000000000063	0	0.0079916215168391	0
FirmB17	3.3924712810134483e-19	0	6.814746598138299e-07	0	NA	0	NA	0	8.14	0	0.0029872688557501	0
FirmB2	2.6391271805250865e-10	0	4.614278736880806e-07	0	NA	0	NA	0	3.640000000000001	0	0.0033798880578059	0
FirmB3	1.0580892418050325e-17	0	1.311534703063444e-08	0	NA	0	NA	1	3.75	0	0.009826197093207	0
FirmB4	2.4228085891762946e-18	0	1.3693525033886544e-06	0	NA	0	NA	0	13.689999999999998	0	0.0127611951941609	0
FirmB5	5.5887364451506075e-25	0	3.485738773179037e-07	0	NA	0	NA	0	1.0300000000000011	0	0.0012257873063691	0
FirmB6	2.006984349917817e-21	0	2.908047633809474e-07	0	NA	0	NA	0	2.299999999999997	0	0.0052924806863764	0
FirmB7	4.347625877682831e-15	0	7.80122633159408e-08	0	NA	0	NA	0	4.079999999999998	0	0.0168226186552242	0
FirmB8	1.7460681643768714e-17	0	1.255468333738463e-07	0	NA	0	NA	0	1.5	0	0.0026556686454358	0
FirmB9	4.0433332529954025e-17	0	4.422315669216914e-08	0	NA	0	NA	0	3.5799999999999983	0	0.0033573664857636	0
FirmC1	2.42503013506255e-16	0	1.517616539103983e-07	0	NA	0	NA	1	4.799999999999997	0	0.0162934111301214	0
FirmC10	2.057454687089342e-18	0	4.60304581793e-05	0	NA	0	NA	0	2.0900000000000034	0	0.0255146873813786	0
FirmC11	1.3703810038368456e-14	0	1.27938537843e-05	0	NA	0	NA	0	3.219999999999999	0	0.009179998620828	0
FirmC12	2.7930571169213364e-15	0	8.364352765966032e-07	0	NA	0	NA	1	3.5900000000000034	0	0.0027256991886975	0
FirmC13	1.2860365138828296e-22	0	7.280368663487027e-08	0	NA	0	NA	1	3.640000000000001	0	0.0027256991886975	0
FirmC14	9.524650901246252e-19	0	1.0344633665226866e-06	0	NA	0	NA	0	0.9099999999999966	0	0.0069613788072525	0
FirmC15	1.0169850223965174e-20	0	1.2891347012100598e-07	0	NA	0	NA	0	1.6500000000000057	0	0.0020186687534078	0
FirmC16	1.0938190127344038e-15	0	8.946231133677429e-08	0	NA	0	NA	1	1.5300000000000011	0	0.004830041125421	0
FirmC17	3.9241681094245593e-22	0	1.605612141020174e-07	0	NA	0	NA	0	0.4599999999999937	0	0.0042963919277296	0
FirmC18	1.7022446956313206e-17	0	1.1361139513610397e-06	0	NA	0	NA	0	1.3199999999999932	0	0.0054988546141242	0
FirmC19	3.790108545376389e-15	0	8.925724159780657e-07	0	NA	0	NA	0	1.0499999999999972	0	0.0174924487831543	0
FirmC3	1.7156924274997648e-14	0	2.5295432806160534e-06	0	NA	0	NA	0	1.9300000000000068	0	0.0026556686454358	0
FirmC4	7.697922884423816e-14	0	5.337837478691654e-07	0	NA	0	NA	0	3.0	0	0.0065150865087425	0
FirmC5	3.873737376575085e-21	0	1.0747012169076697e-07	0	NA	0	NA	0	2.8799999999999955	0	0.0048612897531049	0
FirmC6	1.0747294528465345e-13	0	3.654633019323228e-06	0	NA	0	NA	1	0.9099999999999966	0	0.0039631405622062	0
FirmC7	2.71350076042888e-12	0	7.34712443772878e-07	0	NA	0	NA	0	5.879999999999996	0	0.0011942473853388	0
FirmC8	1.1097918567246192e-16	0	1.970701077880221e-06	0	NA	0	NA	1	2.0999999999999943	0	0.0044844192003863	0
FirmC9	1.680316345795897e-13	0	6.018015596964689e-08	0	NA	0	NA	1	3.9599999999999937	0	0.0012257873063691	0
FirmD1	9.010061457945589e-19	0	7.021948931651423e-06	0	NA	0	NA	0	4.340000000000003	0	0.047572752058508	0
FirmD2	1.1634563821158132e-23	0	1.4089830528973837e-06	0	NA	0	NA	0	2.1700000000000017	0	0.0026809461427479	0
FirmD3	1.4863867700524006e-10	0	4.616184412498114e-07	0	NA	0	NA	0	12.25	0	0.002072462188955	0
FirmD4	9.877239003396874e-23	0	6.725012440256251e-07	0	NA	0	NA	0	1.0400000000000065	0	0.0103456239655099	0
FirmE1	5.05426881837057e-16	0	1.89690745173e-05	0	NA	0	NA	0	11.25	0	0.0168836341956386	0
FirmE2	2.11620964027958e-19	0	6.567062882822938e-06	0	NA	0	NA	0	4.950000000000003	0	0.0423634742220089	0
FirmE3	1.2207981931839084e-22	0	8.198683644877747e-06	0	NA	0	NA	0	6.459999999999994	0	0.0071315503706218	0
FirmE4	0.999996161237567	1	0.4444451928138733	0	NA	0	NA	0	49.59	1	0.1585840641830547	0
FirmE5	0.9999999445474462	1	0.9952488541603088	1	NA	0	NA	1	62.04	1	0.7124205553722608	1
FirmE6	0.8615179929511889	1	0.0005325198289938	0	NA	1	NA	0	28.03	0	0.2301449616694409	0
FirmE7	0.9999998027945692	1	0.9934796094894408	1	NA	1	NA	0	77.34	1	0.8167470675852936	1
FirmE8	0.99999955706452	1	0.9958295226097108	1	NA	1	NA	0	78.13	1	0.8648836327795588	1
FirmF1	6.280986912218549e-18	0	2.41064935835e-05	0	NA	0	NA	0	8.489999999999995	0	0.0049096888864439	0
FirmF2	2.990826665075419e-16	0	1.114735823648516e-06	0	NA	0	NA	0	4.079999999999998	0	0.0025996010982184	0
FirmF3	5.746662865376153e-19	0	3.136822499527625e-07	0	NA	0	NA	0	2.8599999999999994	0	0.0052595196951957	0
FirmG1	3.38973221698258e-24	0	2.846773838882655e-07	0	NA	0	NA	0	1.9200000000000017	0	0.0016736994655309	0
FirmG2	8.49337033661885e-14	0	1.7531525600134046e-06	0	NA	0	NA	0	2.450000000000003	0	0.0019186805367044	0
FirmG3	4.6377244356429865e-24	0	4.098935733054532e-07	0	NA	0	NA	1	3.5900000000000034	0	0.00436128630299	0
FirmG4	0.9999999881961154	1	0.0005960401031188	0	NA	1	NA	0	29.870000000000005	0	0.4723859402055675	0
FirmG5	2.9104664008667244e-20	0	9.721054539113538e-07	0	NA	0	NA	0	0.5699999999999932	0	0.0116490687142194	0
FirmG6	2.311888652710001e-20	0	1.403647729603108e-06	0	NA	0	NA	0	2.019999999999996	0	0.0067546863780097	0
Firms1	0.0821647256477491	0	0.9983083009719848	1	NA	0	NA	1	52.97	1	0.760357518857384	1
Firms10	0.9532777223328674	1	0.872728168964386	1	NA	1	NA	1	29.92	1	0.7881807797872709	1
Firms11	0.9936359070182093	1	0.9434993267059326	1	NA	1	NA	0	66.58	1	0.9481960625721344	1
Firms12	0.9999999994857348	1	0.9998549222946168	1	NA	0	NA	1	64.34	1	0.7824443215567966	1
Firms13	0.0146032195810215	0	0.8601951599121094	1	NA	1	NA	1	49.93	1	0.4554204516850797	0
Firms15	0.9999900631273928	1	0.9897337555885316	1	NA	1	NA	0	78.12	1	0.8856658908918934	1
Firms16	0.9999991538406496	1	0.9998959302902222	1	NA	0	NA	1	64.42	1	0.9305234109654352	1
Firms17	0.9999999996881136	1	0.9991312623023988	1	NA	1	NA	1	80.07	1	0.9740530780482568	1
Firms18	3.886500600494771e-15	0	7.2877126513e-05	0	NA	0	NA	1	6.540000000000006	0	0.0366164595700168	0
Firms2	2.2343009673440973e-15	0	0.0024536838755011	0	NA	0	NA	1	2.980000000000004	0	0.0381607507738007	0
Firms20	0.9988943080082856	1	0.9741265773773192	1	NA	1	NA	1	71.87	1	0.8136339065370165	1
Firms21	0.999999919035253	1	0.9999779462814332	1	NA	1	NA	1	80.17	1	0.9441607888236015	1
Firms22	0.999999739700404	1	0.9995753169059752	1	NA	1	NA	1	74.7	1	0.9530968545029974	1
Firms23	5.286492790124849e-11	0	0.1584703028202057	0	NA	0	NA	1	5.659999999999997	0	0.7486541824645627	1
Firms24	0.9999999999947236	1	0.999079704284668	1	NA	1	NA	1	81.99	1	0.9876785245036748	1
Firms25	7.765253129993846e-19	0	6.00910680077e-05	0	NA	0	NA	1	2.230000000000004	0	0.0981310288456081	0
Firms26	0.9999999998398136	1	0.9996453523635864	1	NA	1	NA	1	84.0	1	0.983340897565465	1
Firms27	0.9999822130533378	1	0.999784290790558	1	NA	1	NA	0	90.11	1	0.9872752361837352	1
Firms28	2.31423192902159e-18	0	6.71581028655055e-06	0	NA	0	NA	1	1.6700000000000017	0	0.0093606022242558	0
Firms29	0.9668861422954572	1	0.9991047978401184	1	NA	1	NA	1	63.89	1	0.89890587699441	1
Firms3	5.6087191930649584e-12	0	0.0001752756506903	0	NA	0	NA	0	13.709999999999994	0	0.0201662144769015	0
Firms30	5.038647490930223e-10	0	0.0031836789567023	0	NA	0	NA	0	1.25	0	0.8668322888615898	1
Firms31	0.0010878493804728	0	0.9175226092338562	1	NA	1	NA	1	15.560000000000002	1	0.8571835733024945	1
Firms32	5.31016171260676e-23	0	6.717570499858994e-07	0	NA	0	NA	1	0.6500000000000057	0	0.1067695307368296	0
Firms33	7.578635686225933e-25	0	6.613849109271541e-06	0	NA	0	NA	1	2.489999999999995	0	0.0099579668679732	0
Firms4	0.9995782167329392	1	0.93210631608963	1	NA	0	NA	1	62.38	1	0.9216202553119276	1
Firms5	0.9999999890816456	1	0.9904112815856934	1	NA	1	NA	1	74.31	1	0.8106150267547018	1
Firms6	6.9389524808572276e-15	0	4.70926061097e-05	0	NA	0	NA	0	6.939999999999998	0	0.0032140953831827	0
Firms7	3.024286911799125e-07	0	0.0483084730803966	0	NA	1	NA	0	48.47	1	0.7535856030427264	1
Firms8	0.9998171209140112	1	0.9849575757980348	1	NA	1	NA	1	55.71	1	0.909984021011274	1
Firms9	0.9999998827672454	1	0.9982569813728333	1	NA	1	NA	1	83.38	1	0.8868914316215903	1
Fuso2	3.8875101298070706e-15	0	0.0003020697913598	0	NA	0	NA	1	1.2099999999999935	0	0.1404370791667238	0
Gemm2	0.9999999999950998	1	0.9901447296142578	1	NA	0	NA	1	68.63	1	0.9641842418844618	1
Gemm3	0.9999999999719098	1	0.9950491786003112	1	NA	1	NA	0	76.05	1	0.7396678665730714	1
Gemm4	0.9999999411791088	1	0.9850038290023804	1	NA	0	NA	1	68.07	1	0.8312673397569145	1
Gemm5	0.9999999820590112	1	0.9879587888717652	1	NA	0	NA	1	71.01	1	0.5618756262385196	1
Gemm6	0.9999999999894924	1	0.99660325050354	1	NA	1	NA	0	72.4	1	0.4246839913514018	0
Gemm7	0.9999999994504448	1	0.9682216048240662	1	NA	1	NA	0	67.1	1	0.3804340031423396	0
Gemm8	0.7891414672999602	1	1.85650224011e-05	0	NA	0	NA	1	28.41	0	0.0048789120051435	0
Gemm9	0.9999999993946356	1	0.9958523511886596	1	NA	1	NA	0	74.45	1	0.1991799754118596	0
GemmA1	0.9999999800032776	1	0.0001437438477296	0	NA	0	NA	1	33.83	0	0.0803167743472718	0
Gold1	2.1499442930212324e-12	0	1.63722870638e-05	0	NA	0	NA	0	3.700000000000003	0	0.0035351769499955	0
Gold2	5.017891218656452e-12	0	9.109870006795973e-06	0	NA	0	NA	0	3.3299999999999983	0	0.002032261981674	0
Hydr1	0.999999998270624	1	0.0086047779768705	0	NA	0	NA	1	40.32	0	0.062182129420934	0
Hydr2	0.0001449866584525	0	0.0003403498267289	0	NA	0	NA	1	37.39	0	0.0296559920750389	0
J088X1	0.9999999934767058	1	0.4937821328639984	0	NA	1	NA	1	59.5	1	0.5177134200484779	1
KSB1X1	1.0683522164331951e-10	0	6.42834856989e-05	0	NA	0	NA	0	27.44	0	0.0046099550283447	0
KSB1X2	0.0493703832556303	0	0.0003622803196776	0	NA	0	NA	1	28.15000000000001	0	0.1063336697726462	0
KSB1X3	0.9999999944785825	1	0.892168402671814	1	NA	1	NA	1	61.55	1	0.3129590181712005	0
KSB1X4	6.43566434003126e-05	0	0.0001648961770115	0	NA	0	NA	1	16.97	0	0.0150606382625992	0
Krum1	0.2881523293732456	0	0.0058224652893841	0	NA	1	NA	1	28.959999999999997	0	0.3372520102619342	0
Late1	0.9999999973331832	1	0.2078242003917694	0	NA	1	NA	1	58.84	1	0.508634537372748	1
Late2	3.7168443668924763e-17	0	5.722743935621111e-06	0	NA	0	NA	0	7.549999999999997	0	0.0047096180397013	0
Late3	0.9999999999995208	1	0.8708686232566833	1	NA	1	NA	1	61.34	1	0.3870662751910541	0
Lind1	0.9936658044582448	1	0.0119328144937753	0	NA	0	NA	1	30.790000000000006	0	0.3150543390587365	0
Lind2	1.637761392386174e-07	0	0.0001613716885913	0	NA	0	NA	1	14.700000000000005	0	0.0806634729592513	0
Lind4	3.6444345188365094e-13	0	4.3448659425848746e-07	0	NA	0	NA	0	12.159999999999997	0	0.0090495835665676	0
Marg1	1.5144843141050806e-17	0	1.000078384549852e-07	0	NA	0	NA	0	4.819999999999993	0	0.0014748937766239	0
Marg2	5.19146197498712e-14	0	1.51456924868e-05	0	NA	0	NA	1	9.97	0	0.0211846431433744	0
Marg6	8.3446577809385e-22	0	2.84739530798106e-06	0	NA	0	NA	0	3.3299999999999983	0	0.026712801176578	0
Marg7	1.295665145008216e-18	0	6.576864961971296e-06	0	NA	0	NA	0	5.739999999999995	0	0.013471418948224	0
Mari1	0.0291038913982347	0	0.0831073373556137	0	NA	1	NA	1	33.33	0	0.17191100605346	0
Mari2	4.561823066858266e-15	0	1.354231926598004e-06	0	NA	0	NA	0	8.719999999999999	0	0.0030349243269239	0
Mari3	7.222582729885932e-18	0	7.798585102136713e-06	0	NA	0	NA	0	6.439999999999998	0	0.011082566659451	0
Mari5	0.9767716232044716	1	0.0082914810627698	0	NA	1	NA	1	34.67	0	0.0790643255318237	0
Mari6	0.2410282823138525	0	0.2056087404489517	0	NA	0	NA	1	47.94	1	0.1277765132212994	0
Meth1	0.9999999997979384	1	0.5687400102615356	1	NA	1	NA	0	73.35	1	0.4032442901077344	0
Meth2	0.9999923186290008	1	0.302104502916336	0	NA	1	NA	1	80.4	1	0.4460415715447574	0
Meth3	0.9999999815778065	1	0.1081847921013832	0	NA	1	NA	1	50.48	1	0.1508207348370289	0
Meth4	0.9999992588929848	1	0.0221845749765634	0	NA	1	NA	1	42.63	1	0.2122532212103475	0
Meth5	0.9999999915206396	1	0.7170228362083435	1	NA	0	NA	1	47.44	1	0.3750172166157128	0
Muir1	8.643875664661294e-23	0	2.45052945047064e-07	0	NA	0	NA	0	3.4200000000000017	0	0.0028074356338373	0
MyxA1	0.999999999999956	1	0.9992565512657166	1	NA	0	NA	1	73.13	1	0.5270172280649608	1
MyxA2	0.999999843063054	1	0.9089680314064026	1	NA	0	NA	1	60.86	1	0.463596977866723	0
MyxA3	0.9999999882766828	1	0.9780954122543336	1	NA	0	NA	1	62.66	1	0.2479367852604399	0
MyxA4	0.9999999843115188	1	0.9699979424476624	1	NA	0	NA	1	68.87	1	0.6808538597329481	1
Myxo1	0.9999999988590548	1	0.2147953957319259	0	NA	1	NA	1	59.92	1	0.3962525281482494	0
Myxo10	0.9983938964164466	1	5.85722700634e-05	0	NA	0	NA	1	27.819999999999997	0	0.0717556918808241	0
Myxo11	0.9999999995014326	1	0.9856675863265992	1	NA	0	NA	1	64.26	1	0.3997411257999463	0
Myxo13	0.9999999921115628	1	0.9864192605018616	1	NA	0	NA	1	60.3	1	0.6482490780302593	1
Myxo14	0.6657254267164397	1	0.999514937400818	1	NA	1	NA	1	75.01	1	0.6959570883075424	1
Myxo15	0.999984705929008	1	0.9982155561447144	1	NA	0	NA	1	75.46	1	0.7780337642295565	1
Myxo17	0.9999999994213948	1	0.0282047558575868	0	NA	0	NA	1	48.24	1	0.1614226957619776	0
Myxo18	0.9824225803367044	1	0.9999059438705444	1	NA	0	NA	1	89.59	1	0.9612772406213552	1
Myxo19	0.9999999999998288	1	0.0145131452009081	0	NA	1	NA	1	32.7	1	0.4606013871587289	0
Myxo2	4.402228238611365e-11	0	3.27365596604e-05	0	NA	0	NA	0	25.379999999999995	0	0.0390034719838101	0
Myxo3	0.9999976812548492	1	0.8418627977371216	1	NA	1	NA	1	77.84	1	0.771621368837945	1
Myxo5	0.983189361782717	1	0.99865061044693	1	NA	1	NA	1	84.39	1	0.9062360377678303	1
Myxo6	0.999933402843028	1	0.9995326995849608	1	NA	1	NA	1	73.06	1	0.5564171940884549	1
Myxo7	0.9999999999889516	1	0.9520052671432496	1	NA	1	NA	1	72.89	1	0.7382307886165963	1
Myxo8	0.9999999727921978	1	0.9995759129524232	1	NA	1	NA	1	75.3	1	0.9141510097221616	1
Myxo9	0.9999999993957388	1	0.999221682548523	1	NA	1	NA	1	68.47	1	0.9446083225929184	1
NPL1	1.3579700274966978e-19	0	0.000533579965122	0	NA	0	NA	0	6.579999999999998	0	0.024951081167466	0
Nitr1	7.674121242703416e-08	0	0.0010657066013664	0	NA	0	NA	0	20.33	0	0.0891956973999179	0
Nitr10	0.9999999996486212	1	0.599381148815155	1	NA	0	NA	1	53.38	1	0.5314070403398578	1
Nitr11	2.1724706218568607e-09	0	3.576632707336102e-06	0	NA	0	NA	1	9.959999999999994	0	0.1696413196782656	0
Nitr12	7.184159609060564e-11	0	0.0001283729361603	0	NA	0	NA	0	11.310000000000002	0	0.0417543760786672	0
Nitr13	1.1098335222042135e-08	0	6.7668111114471685e-06	0	NA	0	NA	0	5.890000000000001	0	0.0409679828903181	0
Nitr14	6.187947770413141e-10	0	2.52513418672e-05	0	NA	0	NA	0	7.040000000000006	0	0.0417543760786672	0
Nitr15	0.892473286720275	1	0.5402522683143616	1	NA	0	NA	1	34.209999999999994	0	0.8036223345609556	1
Nitr16	2.219459275907706e-09	0	2.288185442012036e-06	0	NA	0	NA	1	5.950000000000003	0	0.0936199906890931	0
Nitr17	1.6386940802363234e-12	0	2.001411019136868e-07	0	NA	0	NA	0	5.5	0	0.0083983595496721	0
Nitr2	0.9987947683212668	1	5.36921252205e-05	0	NA	1	NA	1	16.709999999999994	0	0.0412257533045815	0
Nitr3	0.9999999866143148	1	0.7617714405059814	1	NA	0	NA	1	61.52	1	0.200811954424151	0
Nitr4	0.0666445780261293	0	0.5675957798957825	1	NA	0	NA	1	41.89	1	0.3677797355226661	0
Nitr5	2.6238416001652873e-16	0	8.86099726926659e-08	0	NA	0	NA	0	1.1599999999999966	0	0.0101479416609578	0
Nitr6	0.9999999999832754	1	0.4632934629917145	0	NA	0	NA	1	48.32	1	0.5314070403398578	1
Nitr7	0.3866846205512106	0	0.0002451622858643	0	NA	0	NA	0	21.39	0	0.024762142670853	0
Nitr8	0.99716082306885	1	0.1795625239610672	0	NA	0	NA	1	27.430000000000007	0	0.3087019483050172	0
Nitr9	0.0684052485106278	0	3.68311020793044e-06	0	NA	0	NA	1	15.61	0	0.099923179090981	0
Nits1	0.9999024833104768	1	0.3752049803733825	0	NA	0	NA	1	50.89	1	0.2266055569222513	0
Nits2	9.153007063734494e-05	0	0.0002712427813094	0	NA	0	NA	0	13.36	0	0.0368436328694289	0
Nits3	0.0002943287304286	0	0.5667679905891418	1	NA	0	NA	1	23.91	0	0.1645625006867775	0
Nits4	1.430594592218524e-12	0	3.0859077924105804e-06	0	NA	0	NA	0	7.329999999999998	0	0.0093483248572363	0
NitsA1	0.9999999625033376	1	0.5126227736473083	1	NA	0	NA	1	54.34	1	0.0708807014292716	0
NitsA2	0.9999999999984832	1	0.904672145843506	1	NA	0	NA	1	56.65	1	0.5169445341972108	1
NitsA3	1.318303031715832e-07	0	0.0012846861500293	0	NA	0	NA	1	12.060000000000002	0	0.0365251930386386	0
OLB1X1	0.9680829032253624	1	0.039035465568304	0	NA	0	NA	0	39.19	0	0.0729238594048699	0
Omni2	6.195068437727234e-08	0	0.0017366961110383	0	NA	0	NA	0	17.689999999999998	0	0.0410063415197354	0
Omni3	1.1510187855687586e-19	0	4.10502434533e-05	0	NA	0	NA	1	7.799999999999997	0	0.0047096180397013	0
Omni4	2.810916957553616e-06	0	0.0194085948169231	0	NA	0	NA	0	26.0	0	0.0548695769367166	0
Omni6	0.9999827635176152	1	0.8029480576515198	1	NA	1	NA	1	46.93	1	0.6395998354158643	1
Omni7	2.66239519575408e-06	0	0.0960122421383857	0	NA	0	NA	1	20.040000000000006	0	0.3122405332256168	0
Omni8	0.999999813837916	1	0.6897936463356018	1	NA	1	NA	1	44.38	1	0.1449699282366978	0
P4572X1	0.9948643057816806	1	0.2683000266551971	0	NA	1	NA	0	46.79	1	0.1868344969451484	0
Pate1	5.489071949715253e-14	0	0.7074288725852966	1	NA	0	NA	1	25.730000000000004	0	0.233155646003108	0
Pate10	1.5777261015811096e-13	0	0.3517442047595978	0	NA	0	NA	1	10.920000000000002	0	0.3685708548125036	0
Pate11	1.0416317846066922e-18	0	0.029870219528675	0	NA	0	NA	1	8.739999999999995	0	0.0592588772446223	0
Pate12	9.817498266632052e-16	0	0.3772426843643188	0	NA	0	NA	1	15.129999999999995	0	0.3137112666113641	0
Pate13	1.4199623745912193e-13	0	0.0484239384531974	0	NA	0	NA	1	12.53	0	0.3188904831086315	0
Pate14	6.44954362208619e-14	0	0.3411841690540313	0	NA	0	NA	1	9.89	0	0.3188904831086315	0
Pate15	1.0296711872860218e-12	0	0.8569480776786804	1	NA	0	NA	1	18.840000000000003	0	0.713626221983299	1
Pate17	2.9299446593317693e-13	0	0.4128769338130951	0	NA	0	NA	1	12.230000000000004	0	0.3137112666113641	0
Pate18	9.687464992208068e-08	0	0.217682808637619	0	NA	0	NA	1	22.25	0	0.2686821710660914	0
Pate19	1.793047755361955e-13	0	0.3453041315078735	0	NA	0	NA	1	17.310000000000002	0	0.2649581448903071	0
Pate21	8.504543664680846e-15	0	0.0512103289365768	0	NA	0	NA	1	12.459999999999994	0	0.2423766337506028	0
Pate22	6.791573262131862e-15	0	0.3249893486499786	0	NA	0	NA	1	15.989999999999997	0	0.3137112666113641	0
Pate23	1.2516627976724704e-12	0	7.72823987063e-05	0	NA	0	NA	1	8.879999999999995	0	0.0132561872759844	0
Pate24	2.3516008648120603e-14	0	0.6423031687736511	1	NA	0	NA	1	11.620000000000005	0	0.3137112666113641	0
Pate25	2.4109445187715578e-12	0	0.1124811843037605	0	NA	0	NA	1	13.930000000000009	0	0.3188904831086315	0
Pate26	1.3123311029652148e-14	0	0.2878302335739136	0	NA	0	NA	1	14.72	0	0.1951351424933305	0
Pate27	4.915740586809116e-10	0	0.7830663323402405	1	NA	0	NA	1	23.47	1	0.5461504181696226	1
Pate28	6.10373840793238e-14	0	0.1105661615729332	0	NA	0	NA	1	15.060000000000002	0	0.3137112666113641	0
Pate29	3.411743868768601e-09	0	0.8726150393486023	1	NA	1	NA	1	25.17	0	0.6130324228591929	1
Pate3	4.344535706119129e-13	0	0.7322002649307251	1	NA	0	NA	1	14.25	0	0.4802995597184655	0
Pate30	3.1649425319560155e-14	0	0.2604346871376037	0	NA	0	NA	1	12.0	0	0.7087067688173081	1
Pate31	3.2755385374875614e-13	0	0.2868059873580932	0	NA	0	NA	0	12.980000000000004	0	0.1201599108081794	0
Pate32	3.089707746244615e-15	0	0.0197111163288354	0	NA	0	NA	1	10.11	0	0.0813867670928107	0
Pate33	4.612558566153659e-13	0	0.5768582224845886	1	NA	0	NA	1	16.930000000000007	0	0.3137112666113641	0
Pate34	8.710430999119141e-10	0	0.759976327419281	1	NA	0	NA	0	15.319999999999991	0	0.1703046170175148	0
Pate35	1.5851223900490362e-16	0	0.0209886152297258	0	NA	0	NA	1	10.659999999999997	0	0.1226204374799447	0
Pate36	3.9512770404939295e-10	0	0.5228144526481628	1	NA	0	NA	1	20.709999999999997	0	0.3188904831086315	0
Pate37	3.632169278661763e-15	0	0.2447701543569564	0	NA	0	NA	1	16.97	0	0.3137112666113641	0
Pate38	5.7959975045719136e-11	0	0.8680029511451721	1	NA	1	NA	1	19.75	0	0.6130324228591929	1
Pate39	1.5476231957822868e-14	0	0.2089033126831054	0	NA	0	NA	1	11.920000000000002	0	0.1436207976170073	0
Pate4	6.717970648878731e-12	0	0.1575157344341278	0	NA	0	NA	1	14.61	0	0.3137112666113641	0
Pate40	9.964331014416954e-13	0	0.1540989428758621	0	NA	0	NA	1	11.709999999999994	0	0.116010941979856	0
Pate41	1.1031249735983344e-11	0	0.3350013494491577	0	NA	0	NA	1	13.230000000000004	0	0.6296512956168473	1
Pate43	1.2914279704457915e-10	0	0.9623333811759948	1	NA	0	NA	1	27.02	1	0.7087067688173081	1
Pate44	5.820927361839862e-10	0	0.4802746772766113	0	NA	0	NA	1	22.370000000000005	0	0.6300061747400043	1
Pate45	2.63690386482192e-15	0	0.0155679862946271	0	NA	0	NA	1	7.069999999999993	0	0.1226204374799447	0
Pate46	8.06914221898108e-16	0	0.0218008998781442	0	NA	0	NA	1	10.760000000000003	0	0.0552249100196039	0
Pate48	3.859662936150593e-14	0	0.3570903539657593	0	NA	0	NA	1	17.17	0	0.398125223714356	0
Pate49	1.9504291183116042e-13	0	0.7568506002426147	1	NA	0	NA	1	19.14	0	0.3137112666113641	0
Pate5	1.3333752866914664e-14	0	0.0671213194727897	0	NA	0	NA	1	15.790000000000006	0	0.4571703374091997	0
Pate50	1.3404747151227504e-18	0	0.0503318645060062	0	NA	0	NA	1	9.230000000000004	0	0.1715113528791243	0
Pate51	5.126423911538142e-10	0	0.7899842858314514	1	NA	1	NA	1	20.959999999999997	0	0.392450685527566	0
Pate52	5.854470108434294e-16	0	0.0526083894073963	0	NA	0	NA	1	5.379999999999996	0	0.0598243802916273	0
Pate53	2.310719502777378e-13	0	0.6031157374382019	1	NA	0	NA	0	14.189999999999998	0	0.3137112666113641	0
Pate54	7.784969951996526e-16	0	0.0498487614095211	0	NA	0	NA	1	8.040000000000006	0	0.1226204374799447	0
Pate55	1.5691243818607762e-09	0	0.3941825330257416	0	NA	0	NA	1	15.950000000000005	0	0.1703046170175148	0
Pate56	1.3999010187992517e-15	0	0.0079324003309011	0	NA	0	NA	1	8.120000000000005	0	0.0690096469825554	0
Pate57	2.137892840014465e-13	0	0.2834473848342895	0	NA	0	NA	1	15.409999999999997	0	0.6406118922516567	1
Pate6	1.1524088505509177e-15	0	0.0450919196009635	0	NA	0	NA	1	6.530000000000001	0	0.0322128376332597	0
Pate7	1.2098453205436374e-12	0	0.5007399916648865	1	NA	0	NA	1	15.72	0	0.3137112666113641	0
Pate8	4.292801315794469e-11	0	0.3727222084999084	0	NA	0	NA	1	13.459999999999994	0	0.3137112666113641	0
Pate9	1.9508476979243906e-08	0	0.11243337392807	0	NA	0	NA	1	16.799999999999997	0	0.2423766337506028	0
Plan12	4.2924285967189117e-14	0	0.0002872528275474	0	NA	0	NA	1	16.709999999999994	0	0.0033795643857021	0
Plan14	1.0827573948265512e-08	0	0.0014021397801116	0	NA	0	NA	1	20.02	0	0.0033142391680292	0
Plan16	0.998715700328443	1	0.9908193945884703	1	NA	1	NA	1	82.26	1	0.8612165965479193	1
Plan17	0.9999999999904208	1	0.9898674488067628	1	NA	1	NA	1	75.2	1	0.393765768646216	0
Plan18	0.7901807459644671	1	0.8542158603668213	1	NA	1	NA	1	48.99	1	0.3369764222648892	0
Plan2	5.016741719803653e-13	0	1.20519043775e-05	0	NA	0	NA	1	9.61	0	0.0072997406544506	0
Plan21	2.6462469945605903e-14	0	3.83098777092e-05	0	NA	0	NA	0	10.400000000000006	0	0.0032178757973009	0
Plan22	1.2120712486513935e-16	0	1.96380806301e-05	0	NA	0	NA	0	8.079999999999998	0	0.0056535870626316	0
Plan23	0.999999998161407	1	0.9770282506942748	1	NA	0	NA	0	57.01	1	0.1910708582812482	0
Plan26	1.4823662016728578e-15	0	3.2663381261954783e-06	0	NA	0	NA	0	5.049999999999997	0	0.0031537944773958	0
Plan27	0.999999999908432	1	0.969322144985199	1	NA	0	NA	0	65.6	1	0.5133028080839293	1
Plan3	6.0719109863535e-13	0	6.90086817485e-05	0	NA	0	NA	0	14.11	0	0.0048218934320874	0
Plan30	8.08660506185101e-10	0	1.98184879991e-05	0	NA	0	NA	0	7.859999999999999	0	0.0030539992280665	0
Plan31	0.9999999999638456	1	0.9939959049224854	1	NA	0	NA	0	70.62	1	0.7773783179339757	1
Plan32	1.98146499730983e-12	0	0.0002764168311841	0	NA	0	NA	1	17.47	0	0.0137825986385964	0
Plan33	0.4077579645708593	0	0.3951088488101959	0	NA	0	NA	0	48.29	1	0.1563760378265059	0
Plan39	6.103740497524624e-14	0	1.1504514532134635e-06	0	NA	0	NA	1	9.760000000000003	0	0.007651783530442	0
Plan4	4.329642422013645e-12	0	1.55776269821e-05	0	NA	0	NA	1	6.790000000000006	0	0.0062187453992528	0
Plan40	0.9884798160006992	1	0.0013555332552641	0	NA	0	NA	0	29.980000000000004	0	0.0415275735360492	0
Plan42	0.9999993594617912	1	0.8483240008354187	1	NA	0	NA	1	76.52	1	0.5898348338691123	1
Plan43	0.999999999430835	1	0.999987244606018	1	NA	0	NA	1	78.68	1	0.9685080967414708	1
Plan44	0.9999985755618728	1	0.9309068322181702	1	NA	1	NA	1	66.08	1	0.3274042288845437	0
Plan5	1.1016096538116473e-13	0	9.406460776517632e-06	0	NA	0	NA	0	7.760000000000005	0	0.0133176738280027	0
Plan7	1.4099309714639142e-14	0	2.37625245063e-05	0	NA	0	NA	0	8.280000000000001	0	0.0081229544932997	0
Pori1	0.9999936995832632	1	0.973651111125946	1	NA	1	NA	1	48.92	1	0.525658799494952	1
Pori2	0.9999999995919278	1	0.991323947906494	1	NA	0	NA	1	55.96	1	0.4310835176238718	0
ProtA10	0.999999999999968	1	0.7174381613731384	1	NA	0	NA	1	66.84	1	0.3973075959115577	0
ProtA11	0.9999986856177456	1	0.9965541362762452	1	NA	1	NA	1	84.24	1	0.4749447986681913	0
ProtA12	8.324698780497834e-09	0	0.8618930578231812	1	NA	0	NA	1	26.599999999999994	1	0.5957950681182106	1
ProtA13	0.9999988760967568	1	0.9984857439994812	1	NA	1	NA	1	77.53	1	0.9723737462988872	1
ProtA14	1.0	1	0.9996054768562316	1	NA	1	NA	1	80.11	1	0.938631035527202	1
ProtA15	0.999999999502328	1	0.9609649181365968	1	NA	1	NA	1	59.51	1	0.6484072376831456	1
ProtA16	0.999999999999626	1	0.9984697699546814	1	NA	0	NA	1	80.72	1	0.9805497250942696	1
ProtA18	0.999999999998185	1	0.9132973551750184	1	NA	1	NA	1	76.83	1	0.7791641677817743	1
ProtA19	0.9999999880167452	1	0.9998910427093506	1	NA	1	NA	1	93.04	1	0.9285243804814196	1
ProtA2	0.9999999996691132	1	0.9997984766960144	1	NA	0	NA	1	91.36	1	0.9240881838625756	1
ProtA20	0.999999999792838	1	0.9938878417015076	1	NA	0	NA	1	68.38	1	0.340859019585884	0
ProtA21	0.9999999463102688	1	0.9912851452827454	1	NA	1	NA	1	48.68	1	0.7463082144063087	1
ProtA24	0.99999518306556	1	0.9998666048049928	1	NA	1	NA	1	92.27	1	0.9864619958648444	1
ProtA26	0.9999999999999448	1	0.9997681975364684	1	NA	1	NA	1	75.32	1	0.9329012953185272	1
ProtA27	0.9999905105045254	1	0.963899791240692	1	NA	1	NA	1	47.2	1	0.8568666673104103	1
ProtA29	0.9999999999999648	1	0.8682417273521423	1	NA	0	NA	1	79.01	1	0.7286420479806466	1
ProtA3	0.9999999999998838	1	0.9809524416923524	1	NA	1	NA	1	81.3	1	0.9631639681526716	1
ProtA30	0.996068999380866	1	0.9729262590408324	1	NA	0	NA	1	39.68	1	0.6989197931397605	1
ProtA31	0.9992976759179154	1	0.9996567964553832	1	NA	1	NA	1	73.45	1	0.971736768700592	1
ProtA32	0.9999999990071116	1	0.99940025806427	1	NA	1	NA	1	85.35	1	0.9631691342353256	1
ProtA33	0.9999999999990514	1	0.9993723034858704	1	NA	1	NA	1	81.39	1	0.7590777511721434	1
ProtA34	0.999999999999826	1	0.9988213181495668	1	NA	1	NA	1	82.48	1	0.9332319687534576	1
ProtA35	0.999612513939484	1	0.995622217655182	1	NA	1	NA	1	40.05	1	0.8425134678603253	1
ProtA36	0.2191078602230627	0	0.8414110541343689	1	NA	0	NA	1	41.36	1	0.6397377083646958	1
ProtA37	0.9998120709046144	1	0.9388277530670166	1	NA	1	NA	1	66.54	1	0.7885443248936703	1
ProtA38	0.9999999999999784	1	0.0302367489784955	0	NA	1	NA	1	40.9	1	0.3179820405617937	0
ProtA39	0.9999925301232152	1	0.980732262134552	1	NA	0	NA	1	51.23	1	0.9702887342733468	1
ProtA40	0.999999993922654	1	0.9932489395141602	1	NA	1	NA	1	78.43	1	0.8987933167136306	1
ProtA41	0.9999997890049828	1	0.0064356960356235	0	NA	1	NA	1	29.83	0	0.114953239961824	0
ProtA42	0.9999999741922452	1	0.6937934160232544	1	NA	0	NA	1	67.96	1	0.794087159597493	1
ProtA43	0.9999999999736952	1	0.975314736366272	1	NA	1	NA	1	68.73	1	0.8746595243277783	1
ProtA44	0.4043334836712153	0	0.8944661021232605	1	NA	0	NA	1	30.90000000000001	0	0.6861385276497016	1
ProtA45	0.9999997542701984	1	0.9952167272567748	1	NA	0	NA	0	71.67	1	0.8795407284218365	1
ProtA46	0.999999999992996	1	0.9990277290344238	1	NA	1	NA	1	88.9	1	0.9494879187864228	1
ProtA47	0.9999999999860958	1	0.9995694756507874	1	NA	1	NA	1	80.4	1	0.8389616015674951	1
ProtA48	0.9999999999968576	1	0.0300239361822605	0	NA	1	NA	0	41.52	1	0.6639282026852751	1
ProtA49	0.9999999999999843	1	0.9938969016075134	1	NA	1	NA	1	69.13	1	0.9525705853532084	1
ProtA5	0.9999999999999548	1	0.8682907223701477	1	NA	0	NA	1	70.57	1	0.5096478473505702	1
ProtA50	0.999999999999993	1	0.984445869922638	1	NA	1	NA	1	74.42	1	0.8907926263055395	1
ProtA51	0.99999999887377	1	0.9999678134918212	1	NA	1	NA	1	91.51	1	0.8742626604437327	1
ProtA52	0.9999999999897397	1	0.9989606142044068	1	NA	1	NA	1	77.81	1	0.9720477747969932	1
ProtA53	0.9999962243403744	1	0.999848246574402	1	NA	1	NA	1	86.22	1	0.9007334517620535	1
ProtA54	0.9997897931116418	1	0.9976365566253662	1	NA	0	NA	1	32.900000000000006	1	0.6807169176767568	1
ProtA55	0.999999999859762	1	0.9963298439979552	1	NA	1	NA	1	89.0	1	0.9499840555683656	1
ProtA56	0.9999999998371244	1	0.9954192638397216	1	NA	1	NA	1	86.52	1	0.9602005811401936	1
ProtA57	0.9999999999999954	1	0.9907773733139038	1	NA	1	NA	1	74.74	1	0.9189387886970882	1
ProtA58	0.9999998857107468	1	0.9998030066490172	1	NA	1	NA	1	86.02	1	0.9767900382575766	1
ProtA60	2.04861694050192e-12	0	0.0010002928320318	0	NA	0	NA	1	8.719999999999999	0	0.0273966422499149	0
ProtA61	0.9999999999986152	1	0.9887552857398988	1	NA	1	NA	1	76.65	1	0.965822489902004	1
ProtA62	0.999999999999999	1	0.8446497917175293	1	NA	1	NA	1	60.77	1	0.5590677219621415	1
ProtA63	0.9999908054816296	1	0.9649027585983276	1	NA	1	NA	1	78.12	1	0.8814999758892121	1
ProtA64	0.9999999999880214	1	0.001476012635976	0	NA	1	NA	0	23.42	0	0.299773887948234	0
ProtA66	0.9999999998298424	1	0.9897868633270264	1	NA	1	NA	1	80.78	1	0.9193528257125058	1
ProtA67	0.9999999999981928	1	0.9907983541488647	1	NA	1	NA	1	75.46	1	0.9187058488226624	1
ProtA68	0.9999999999702124	1	0.99983811378479	1	NA	0	NA	1	92.31	1	0.9713338465581696	1
ProtA69	0.9999999999999968	1	0.9981206059455872	1	NA	1	NA	1	75.77	1	0.9533492599364444	1
ProtA7	0.999994540758031	1	0.9461641311645508	1	NA	1	NA	1	44.86	1	0.8911618076418766	1
ProtA70	0.9999999999999956	1	0.9955862760543824	1	NA	0	NA	1	68.99	1	0.8974956197281162	1
ProtA71	0.9999996742944524	1	0.9998997449874878	1	NA	1	NA	1	92.25	1	0.9883838295122612	1
ProtA72	0.9999999721727586	1	0.9995228052139282	1	NA	1	NA	1	88.28	1	0.9720477747969932	1
ProtA74	0.999999997041211	1	0.9998940229415894	1	NA	1	NA	1	90.7	1	0.8415058655504514	1
ProtA75	0.999999999999957	1	0.0068860338069498	0	NA	1	NA	1	56.78	1	0.6847881616037603	1
ProtA76	0.9999999999999988	1	0.9989744424819946	1	NA	1	NA	1	88.89	1	0.9769849824226716	1
ProtA77	0.9999904973156982	1	0.9985979199409484	1	NA	1	NA	1	89.08	1	0.9587228064730564	1
ProtA8	0.9999999999996444	1	0.593139111995697	1	NA	1	NA	1	51.26	1	0.1784648293299478	0
ProtA9	4.782829162177863e-05	0	0.1428370326757431	0	NA	0	NA	1	18.950000000000003	0	0.3163980562215832	0
ProtG1	0.9999999999999932	1	0.5068097710609436	1	NA	0	NA	1	68.91	1	0.7001217887781715	1
ProtG10	0.999999999999999	1	0.9890075922012328	1	NA	1	NA	1	71.0	1	0.5476587365218595	1
ProtG11	0.9999999991881192	1	0.9997947812080384	1	NA	1	NA	1	66.34	1	0.8862669401755775	1
ProtG12	0.9999999999999932	1	0.9998099207878112	1	NA	1	NA	1	62.16	1	0.9758802737570595	1
ProtG13	0.9999999846228136	1	0.5141886472702026	1	NA	1	NA	1	57.97	1	0.6276955600786136	1
ProtG14	0.9999999804040288	1	0.997812271118164	1	NA	1	NA	1	53.79	1	0.70490518090106	1
ProtG15	0.9999994937561708	1	0.998016595840454	1	NA	0	NA	1	33.03	1	0.9323752133979476	1
ProtG16	0.9999999999975652	1	0.9941799640655518	1	NA	0	NA	1	63.96	1	0.8933505828504535	1
ProtG17	0.9999999752901048	1	0.9954533576965332	1	NA	0	NA	1	52.79	1	0.9136424519157372	1
ProtG18	0.9999999399024048	1	0.9724366664886476	1	NA	1	NA	1	64.85	1	0.5567783550381905	1
ProtG19	0.99999991643662	1	0.9927531480789183	1	NA	1	NA	1	41.89	1	0.9377408243341714	1
ProtG20	0.9999999994741072	1	0.6402567625045776	1	NA	0	NA	1	46.11	1	0.8901744783209176	1
ProtG21	0.999999999999996	1	0.9718082547187804	1	NA	1	NA	1	73.68	1	0.6489216230358248	1
ProtG22	1.0	1	0.997326135635376	1	NA	1	NA	1	84.75	1	0.9673270574821884	1
ProtG24	0.999999999998061	1	0.9920788407325744	1	NA	1	NA	1	73.63	1	0.6686885236639067	1
ProtG25	0.9999999999999938	1	0.9918909072875975	1	NA	1	NA	0	69.84	1	0.5560330240917573	1
ProtG26	0.9999999877582024	1	0.8884286284446716	1	NA	0	NA	1	47.59	1	0.9127156948096578	1
ProtG27	0.9999999999994408	1	0.295836329460144	0	NA	1	NA	1	42.7	1	0.2056403338914051	0
ProtG28	1.0	1	0.9905030727386476	1	NA	1	NA	1	80.27	1	0.9359439176171472	1
ProtG29	0.0011791764276167	0	0.9631020426750184	1	NA	0	NA	1	29.870000000000005	0	0.2583600430050525	0
ProtG3	0.9999999999999828	1	0.99916410446167	1	NA	0	NA	0	40.98	1	0.8881547818032136	1
ProtG30	0.999999999999994	1	0.9937857389450072	1	NA	1	NA	1	20.36	1	0.9387542381492572	1
ProtG31	0.9999999999999076	1	0.9992641806602478	1	NA	0	NA	1	68.87	1	0.9914958099795906	1
ProtG32	0.9999999999999992	1	0.1612684726715088	0	NA	1	NA	1	44.86	1	0.6496908657409869	1
ProtG33	0.9999999996336744	1	0.4912475943565368	0	NA	1	NA	1	47.41	1	0.7151615150884167	1
ProtG34	1.0	1	0.999427616596222	1	NA	1	NA	1	65.96	1	0.2625520837640468	0
ProtG35	0.9999542999760632	1	0.1116763353347778	0	NA	1	NA	1	25.510000000000005	0	0.5491970688153982	1
ProtG36	0.9999999999999128	1	0.9991844296455384	1	NA	1	NA	1	64.18	1	0.9243991594158878	1
ProtG37	0.9999999999999908	1	0.908521294593811	1	NA	1	NA	1	45.15	1	0.2640663817200845	0
ProtG38	0.9927522768437416	1	0.0036736116744577	0	NA	0	NA	1	28.709999999999997	0	0.0972665129039819	0
ProtG39	0.9999999990725932	1	0.9938082098960876	1	NA	0	NA	1	45.17	1	0.7567129626785225	1
ProtG4	3.0190565326983364e-10	0	0.0054657692089676	0	NA	0	NA	1	15.650000000000006	0	0.0447097404454866	0
ProtG40	0.9999999993612124	1	0.0006371256895363	0	NA	1	NA	1	21.61	1	0.1835857075728223	0
ProtG41	0.9999999999999992	1	5.82649772695e-05	0	NA	1	NA	0	38.15	1	0.2337369728770406	0
ProtG42	0.99999999999819	1	0.4619264900684356	0	NA	1	NA	1	40.36	1	0.2358923338564595	0
ProtG43	0.9999999999989118	1	0.927794635295868	1	NA	0	NA	1	61.2	1	0.9489185815246036	1
ProtG44	0.9999999999999912	1	0.6757685542106628	1	NA	1	NA	1	52.18	1	0.4802362255431335	0
ProtG45	0.999999999999998	1	0.004583406727761	0	NA	1	NA	1	42.94	1	0.101399070365521	0
ProtG46	0.9999999998320408	1	0.0011469332966953	0	NA	1	NA	1	29.099999999999994	1	0.1724173020945608	0
ProtG47	0.9999999999999016	1	0.9997132420539856	1	NA	1	NA	1	70.23	1	0.7226100079768946	1
ProtG48	0.9999999960899708	1	0.0023558102548122	0	NA	0	NA	1	54.52	1	0.2239432704628716	0
ProtG49	1.0	1	0.999445617198944	1	NA	0	NA	0	48.48	1	0.9601705370023598	1
ProtG5	0.999999999999346	1	0.997474491596222	1	NA	1	NA	1	60.35	1	0.3048578434739397	0
ProtG50	0.9999999999999464	1	0.9864993095397948	1	NA	1	NA	1	77.74	1	0.7477206473641158	1
ProtG51	0.9999999288954244	1	0.8426755666732788	1	NA	1	NA	1	65.67	1	0.5480025811906436	1
ProtG52	0.9999999999999016	1	0.9820169806480408	1	NA	1	NA	1	67.47	1	0.6618825715500898	1
ProtG53	0.999999999999373	1	0.0044387290254235	0	NA	1	NA	1	31.39	0	0.2150439509819767	0
ProtG54	0.9999991406072648	1	0.99989116191864	1	NA	1	NA	1	48.64	1	0.9636839321446896	1
ProtG55	0.9999999999999932	1	0.8922397494316101	1	NA	0	NA	1	42.75	1	0.1872270153653266	0
ProtG56	0.9999999999999972	1	0.3443667888641357	0	NA	1	NA	1	78.13	1	0.7875811985319171	1
ProtG57	0.9999999999999972	1	0.6019336581230164	1	NA	1	NA	1	57.5	1	0.5358574174658388	1
ProtG58	0.9999999999998564	1	0.9853561520576476	1	NA	0	NA	1	59.95	1	0.952478579674026	1
ProtG59	0.9999999999999998	1	0.9823637008666992	1	NA	0	NA	1	61.99	1	0.9563394247295768	1
ProtG6	0.9999999545635908	1	0.9505268931388856	1	NA	0	NA	1	45.12	1	0.6995758454764284	1
ProtG60	0.9999999999999736	1	0.9280993938446044	1	NA	1	NA	1	58.75	1	0.894191797194547	1
ProtG61	0.9999999999999762	1	0.9280993938446044	1	NA	1	NA	1	58.75	1	0.894191797194547	1
ProtG62	0.9999999999999348	1	0.0740581750869751	0	NA	1	NA	1	49.96	1	0.7760405006541131	1
ProtG63	1.0	1	0.998396337032318	1	NA	1	NA	1	58.27	1	0.8578113156062239	1
ProtG64	0.9999999999999452	1	0.9994379878044128	1	NA	0	NA	1	38.5	1	0.865015799533616	1
ProtG65	0.9999999999995882	1	0.9999767541885376	1	NA	1	NA	1	95.6	1	0.9921280358286833	1
ProtG66	0.9999999999999992	1	0.9972233772277832	1	NA	0	NA	1	74.26	1	0.8405003910988647	1
ProtG67	0.9999999999999508	1	0.997363269329071	1	NA	1	NA	1	64.06	1	0.9795149852894264	1
ProtG68	0.999999999999332	1	0.914084792137146	1	NA	0	NA	1	54.05	1	0.3798743673492908	0
ProtG69	0.999999999912045	1	0.9999988079071044	1	NA	1	NA	1	93.57	1	0.9933672562224998	1
ProtG7	0.9999999985037958	1	0.0171880479902029	0	NA	1	NA	1	35.03	0	0.1623557726409171	0
ProtG70	0.999999999999769	1	0.5715160965919495	1	NA	1	NA	1	29.77	1	0.1290517402837511	0
ProtG71	0.9999999999534522	1	0.8393628001213074	1	NA	1	NA	1	50.12	1	0.2518878506884412	0
ProtG72	0.9999999999999996	1	0.9939013719558716	1	NA	1	NA	1	72.47	1	0.7920959856718652	1
ProtG73	0.9999999999999856	1	0.974010169506073	1	NA	0	NA	1	54.57	1	0.9332624685251792	1
ProtG74	0.9999999999994652	1	0.9999781847000122	1	NA	1	NA	1	92.25	1	0.9780075973990046	1
ProtG75	0.9999999998692072	1	7.992023256520042e-07	0	NA	1	NA	1	10.22	0	0.0866689337228786	0
ProtG76	1.0	1	0.9999337196350098	1	NA	0	NA	0	4.329999999999998	1	0.9499448825841024	1
ProtG77	0.9999999999999988	1	0.3628697693347931	0	NA	1	NA	1	40.78	1	0.6138225117842584	1
ProtG78	0.9999999998557652	1	0.9896683692932128	1	NA	1	NA	1	75.27	1	0.7819338908460495	1
ProtG79	0.9963973838641388	1	0.164390280842781	0	NA	1	NA	1	38.56	1	0.7365262584875881	1
ProtG8	0.9999999999999964	1	0.0036927598994225	0	NA	1	NA	1	31.090000000000003	1	0.2723001003215068	0
ProtG80	0.9999999999976674	1	0.9091055393218994	1	NA	0	NA	1	42.42	1	0.6208817849562386	1
ProtG81	0.9999975555472022	1	0.9030444025993348	1	NA	1	NA	1	20.41	1	0.4670980770352043	0
ProtG82	0.9999999999999934	1	0.999189794063568	1	NA	1	NA	1	70.43	1	0.9887900077203092	1
ProtG83	0.9999999999953066	1	0.9995483756065368	1	NA	1	NA	1	35.2	1	0.9498126183050956	1
ProtG84	0.9999999999999946	1	0.9999053478240968	1	NA	1	NA	1	87.04	1	0.9842067359002814	1
ProtG85	1.0	1	0.9837878942489624	1	NA	1	NA	1	83.64	1	0.9628765321265306	1
ProtG86	0.9999999642958716	1	0.9342408180236816	1	NA	1	NA	1	24.209999999999997	1	0.8365763092478148	1
ProtG87	0.9999998899722718	1	0.9972524046897888	1	NA	0	NA	1	36.7	1	0.9451527458467964	1
ProtG88	1.0	1	0.521958589553833	1	NA	1	NA	1	51.95	1	0.749637701486051	1
ProtG89	0.999999999999993	1	0.999940037727356	1	NA	1	NA	1	72.35	1	0.8253224885735039	1
ProtG9	0.9999999999931596	1	0.999349057674408	1	NA	1	NA	1	77.76	1	0.9600958048665952	1
ProtG90	0.999988867380847	1	0.9955840706825256	1	NA	1	NA	1	33.489999999999995	1	0.9704714887831504	1
ProtG91	0.9999999999269616	1	0.9996547698974608	1	NA	1	NA	1	91.92	1	0.9716113269325612	1
ProtM1	0.9990702537900926	1	0.0015376565279439	0	NA	1	NA	1	26.25	0	0.2183325889198107	0
ProtM2	0.9864861989723572	1	0.0008241581381298	0	NA	1	NA	1	27.15000000000001	0	0.0222160278385413	0
ProtM3	0.2762905860645496	0	8.31864890642e-05	0	NA	1	NA	1	12.299999999999995	0	0.0299895133916718	0
ProtZ1	0.9999999999488044	1	0.0562996715307235	0	NA	1	NA	1	32.989999999999995	1	0.1532659522684798	0
ProtZ2	0.9999999977267716	1	0.0121021578088402	0	NA	1	NA	1	36.64	1	0.3000955840030556	0
ProtZ3	0.9999997580825196	1	0.921163022518158	1	NA	1	NA	1	38.21	1	0.9462375712695026	1
ProtZ4	0.9999999998737654	1	0.5067574381828308	1	NA	1	NA	1	34.650000000000006	1	0.2326966382429082	0
ProtZ5	0.3721943534834651	0	7.56109511712e-05	0	NA	0	NA	1	22.489999999999995	0	0.2392812795091019	0
RBG1	3.207198275306307e-17	0	5.12474362039e-05	0	NA	0	NA	0	7.569999999999993	0	0.0178396476029174	0
Rifl1	8.822350038998704e-11	0	6.986027187849686e-07	0	NA	0	NA	0	13.28	0	0.0036810176759604	0
SAR3X1	0.20240718754131	0	0.3011673986911773	0	NA	0	NA	0	33.44	0	0.0888690644475696	0
SAR3X2	0.9999999979909546	1	0.4637067914009094	0	NA	0	NA	0	65.81	1	0.2539404408802213	0
SLNR1	1.808309563726771e-21	0	1.40678403113e-05	0	NA	0	NA	0	7.280000000000001	0	0.0132825769366632	0
SM23X1	4.237594356718382e-20	0	1.1548595466592817e-06	0	NA	0	NA	0	4.930000000000007	0	0.0046795233656609	0
SZUA1	3.986871001782391e-15	0	5.484688472279231e-07	0	NA	0	NA	1	4.560000000000002	0	0.0125036659784229	0
SZUA2	1.387146038797164e-09	0	6.1497936258e-05	0	NA	0	NA	1	9.329999999999998	0	0.0228687632359012	0
Sche1	0.0001942578361528	0	0.0008713349234312	0	NA	0	NA	1	16.25	0	0.0252236656570091	0
Spir10	1.191170221100439e-23	0	2.1852144982403843e-06	0	NA	0	NA	0	2.230000000000004	0	0.0098997095565671	0
Spir11	2.484530469530515e-18	0	0.0052634105086326	0	NA	0	NA	1	7.579999999999998	0	0.2971933030706454	0
Spir12	0.0681916773758087	0	0.0108990939334034	0	NA	0	NA	1	33.06	0	0.3892426425204867	0
Spir13	2.299618340608997e-11	0	6.716745701851323e-06	0	NA	0	NA	0	14.150000000000006	0	0.0124849900130758	0
Spir15	0.9999999996375588	1	0.4861426949501037	0	NA	1	NA	1	68.97	1	0.8179109447055092	1
Spir2	0.5842692547481367	1	0.001813759910874	0	NA	0	NA	1	41.7	1	0.2744750495046153	0
Spir3	1.0847315900888166e-11	0	2.04391963052e-05	0	NA	0	NA	0	16.61	0	0.0040778029081017	0
Spir4	1.5389379807605635e-06	0	1.7760341108896682e-07	0	NA	0	NA	0	12.819999999999991	0	0.0036971740708368	0
Spir8	1.2590647871753988e-11	0	6.482976459665224e-06	0	NA	0	NA	0	5.230000000000004	0	0.001476121241848	0
Spir9	0.9999999999674712	1	0.9690399765968324	1	NA	0	NA	1	76.85	1	0.7980634272309038	1
Sume1	0.9396176412412462	1	0.0045547382906079	0	NA	1	NA	0	34.17	0	0.0735368328427997	0
Syne1	6.372181556622106e-22	0	4.199025340767548e-07	0	NA	0	NA	0	1.5799999999999983	0	0.0044844192003863	0
Syne10	3.752951279248893e-23	0	5.296899416862288e-07	0	NA	0	NA	0	2.4000000000000057	0	0.0019664823158771	0
Syne2	2.005204978778388e-23	0	2.7703276828106027e-06	0	NA	0	NA	0	3.680000000000007	0	0.0206903424505303	0
Syne3	2.642709019100253e-23	0	6.506863883259939e-07	0	NA	0	NA	0	5.140000000000001	0	0.0247792686995771	0
Syne4	3.653265586959281e-20	0	1.39539070005e-05	0	NA	0	NA	0	6.969999999999999	0	0.0431096211263571	0
Syne5	7.845378096028244e-23	0	4.65908044589014e-07	0	NA	0	NA	0	2.6299999999999955	0	0.0013943492044712	0
Syne6	5.5928775678625275e-25	0	1.1820912249049802e-07	0	NA	0	NA	0	1.1500000000000057	0	0.004830041125421	0
Syne7	1.6561064825635684e-21	0	3.145004484395031e-06	0	NA	0	NA	0	1.519999999999996	0	0.011464097210132	0
Syne8	7.593033444437968e-23	0	8.290788855447317e-07	0	NA	0	NA	0	1.5300000000000011	0	0.0020186687534078	0
Syne9	1.6502352182666657e-20	0	2.5367132820974803e-06	0	NA	0	NA	0	3.569999999999993	0	0.002181413755528	0
TA06A1	1.7719138421375789e-12	0	5.939065886195749e-06	0	NA	0	NA	0	9.36	0	0.0040358087961924	0
TA06X1	1.744187046915084e-13	0	2.27151158469e-05	0	NA	0	NA	1	9.489999999999997	0	0.0060586482880118	0
Therd1	1.9942196810567548e-17	0	6.942830310663339e-08	0	NA	0	NA	0	1.6099999999999994	0	0.0055583674428809	0
Therg2	5.019111531853281e-19	0	4.213319698465057e-06	0	NA	0	NA	0	2.549999999999997	0	0.0042171934568674	0
Therg3	5.686123776250885e-24	0	7.999855711204874e-08	0	NA	0	NA	0	1.4200000000000017	0	0.0038324792824782	0
Therg4	1.5597768723099777e-19	0	1.4237560890251189e-06	0	NA	0	NA	0	1.0100000000000051	0	0.003149684264308	0
Therg5	4.266711120058762e-16	0	8.99277893040562e-06	0	NA	0	NA	0	5.230000000000004	0	0.0275574530810371	0
Therg6	4.022941475622939e-22	0	4.248108780302573e-07	0	NA	0	NA	0	0.9000000000000057	0	0.007428091997718	0
Therg8	3.4128120833853654e-22	0	1.33619948883279e-07	0	NA	0	NA	0	1.4599999999999935	0	0.0058668073405168	0
Thers1	1.9820511970766946e-15	0	2.0049874649430421e-07	0	NA	0	NA	1	2.269999999999996	0	0.0073841292794146	0
UBA1X1	0.9999999375227278	1	0.596980631351471	1	NA	0	NA	1	48.18	1	0.6256346300818317	1
UBA1X2	0.996417063413125	1	0.1140188053250312	0	NA	1	NA	1	39.68	1	0.698436688298791	1
UBA1X3	0.0001054377311503	0	0.0074031786061823	0	NA	0	NA	1	25.91	0	0.1230590669396206	0
UBA1X4	0.9993861598425198	1	0.5538275241851807	1	NA	0	NA	0	43.5	1	0.5562806571440458	1
UBA1X5	0.9999934938084024	1	0.8387129306793213	1	NA	1	NA	1	49.38	1	0.6840459206136236	1
UBA1X6	0.9999936490380776	1	0.360185444355011	0	NA	1	NA	1	43.81	1	0.3625755488048063	0
UBA2X1	6.326164330953986e-05	0	0.0007371787796728	0	NA	0	NA	0	29.56	0	0.0215753784110928	0
UBA6X1	5.740839568002985e-14	0	0.0001289648062083	0	NA	0	NA	0	4.579999999999998	0	0.002881804297863	0
UBA9X1	1.2754074055903227e-20	0	0.0003164381196256	0	NA	0	NA	0	7.799999999999997	0	0.0036791032809624	0
UBA9X2	1.1405302135813757e-17	0	2.37850836128e-05	0	NA	0	NA	0	1.1800000000000068	0	0.0081262688482461	0
UBA9X3	1.4793008180702554e-19	0	0.0001530884183011	0	NA	0	NA	1	7.349999999999994	0	0.0047096180397013	0
UBP13X1	4.063616193643461e-19	0	4.414446721057175e-06	0	NA	0	NA	0	2.799999999999997	0	0.009826197093207	0
UBP14X1	1.7792999929880914e-20	0	8.543282092432491e-06	0	NA	0	NA	0	5.469999999999999	0	0.0030158833556473	0
UBP4X1	2.8031014908234184e-08	0	7.038710919005098e-06	0	NA	0	NA	1	13.03	0	0.0591391707335285	0
UBP6X1	2.993971655736505e-18	0	2.4672920062585035e-06	0	NA	0	NA	0	3.75	0	0.0033998892347783	0
Verr10	0.9999999998542408	1	0.9148714542388916	1	NA	0	NA	0	58.98	1	0.8446333141970327	1
Verr11	0.9999795920328676	1	0.994524359703064	1	NA	0	NA	1	57.08	1	0.8209140948004796	1
Verr12	0.9959519514168216	1	0.556728184223175	1	NA	1	NA	1	45.25	1	0.4327801788749653	0
Verr13	0.9999996459775944	1	0.8991748690605164	1	NA	0	NA	0	46.33	1	0.4612978710571552	0
Verr14	0.9999998494242732	1	0.9178869128227234	1	NA	1	NA	0	58.94	1	0.7657313292280331	1
Verr2	0.9999995152220732	1	0.9962981343269348	1	NA	1	NA	1	87.85	1	0.9558716242769134	1
Verr3	3.931200594147096e-14	0	1.8617449768498773e-06	0	NA	0	NA	1	9.989999999999997	0	0.0096001429637159	0
Verr4	0.9999999247616088	1	0.0186895411461591	0	NA	0	NA	1	50.21	1	0.2502532697257797	0
Verr5	1.016228769351448e-19	0	9.444019042348372e-07	0	NA	0	NA	0	4.180000000000007	0	0.0016758868151028	0
Verr6	1.04112681513859e-10	0	2.265583589178277e-06	0	NA	0	NA	0	8.090000000000003	0	0.0066740031198068	0
Verr7	0.9999999999346892	1	0.985886812210083	1	NA	0	NA	1	66.12	1	0.8592843884967134	1
Verr8	0.0008640547216411	0	0.0007532591698691	0	NA	0	NA	0	19.03	0	0.0407970662632122	0
Verr9	0.9999999999698964	1	0.3084249496459961	0	NA	1	NA	1	58.08	1	0.2695464062752803	0
WOR1	2.5342643086960724e-16	0	3.033407210750738e-06	0	NA	0	NA	0	8.400000000000006	0	0.0018338795841164	0
WOR2	3.0538751526290505e-18	0	1.442330017198401e-06	0	NA	0	NA	0	6.1200000000000045	0	0.0023449408232157	0
WOR3	1.7210846174914637e-19	0	4.217734385747463e-06	0	NA	0	NA	1	6.269999999999996	0	0.0053015877805654	0
WOR4	9.459769856370424e-23	0	4.6201657255551254e-07	0	NA	0	NA	0	2.140000000000001	0	0.0060215883536853	0
WOR6	7.21960835445827e-16	0	1.90163118531e-05	0	NA	0	NA	1	11.239999999999997	0	0.0091037316501371	0
WOR7	3.0187203799354522e-18	0	1.53288692672e-05	0	NA	0	NA	1	7.099999999999994	0	0.0041420827760215	0
Wall1	1.36053809042591e-12	0	1.5693758825818804e-07	0	NA	0	NA	1	4.8700000000000045	0	0.0049745663987904	0
Zixi1	0.9999893624691238	1	0.2432444542646408	0	NA	1	NA	1	33.540000000000006	0	0.0692038071567668	0
Zixi2	0.0011593031639217	0	0.2979575991630554	0	NA	0	NA	1	27.540000000000006	0	0.0075384182431891	0
Zixi3	0.999729301501978	1	0.0011288207024335	0	NA	1	NA	0	27.27	0	0.0269515574507927	0
Zixi4	8.622335302469261e-06	0	0.000126459141029	0	NA	1	NA	0	26.64	0	0.0113389176223551	0
Zixi5	0.5041690754137111	1	0.1564403176307678	0	NA	0	NA	1	31.590000000000003	0	0.1994776370811781	0
